_id,positionChatId,walletId,positions[0].baseMint,positions[1].baseMint,positions[2].baseMint,positions[3].baseMint,positions[4].baseMint,positions[5].baseMint,positions[6].baseMint,positions[7].baseMint,positions[8].baseMint,positions[9].baseMint,positions[10].baseMint,positions[11].baseMint,positions[12].baseMint,positions[13].baseMint,positions[14].baseMint,positions[15].baseMint,positions[16].baseMint,positions[17].baseMint,positions[18].baseMint,positions[19].baseMint,positions[20].baseMint,positions[21].baseMint,positions[22].baseMint,positions[23].baseMint,positions[24].baseMint,positions[25].baseMint,positions[26].baseMint,positions[27].baseMint,positions[28].baseMint,positions[29].baseMint,positions[30].baseMint,positions[31].baseMint,positions[32].baseMint,positions[0].name,positions[1].name,positions[2].name,positions[3].name,positions[4].name,positions[5].name,positions[6].name,positions[7].name,positions[8].name,positions[9].name,positions[10].name,positions[11].name,positions[12].name,positions[13].name,positions[14].name,positions[15].name,positions[16].name,positions[17].name,positions[18].name,positions[19].name,positions[20].name,positions[21].name,positions[22].name,positions[23].name,positions[24].name,positions[25].name,positions[26].name,positions[27].name,positions[28].name,positions[29].name,positions[30].name,positions[31].name,positions[32].name,positions[0].symbol,positions[1].symbol,positions[2].symbol,positions[3].symbol,positions[4].symbol,positions[5].symbol,positions[6].symbol,positions[7].symbol,positions[8].symbol,positions[9].symbol,positions[10].symbol,positions[11].symbol,positions[12].symbol,positions[13].symbol,positions[14].symbol,positions[15].symbol,positions[16].symbol,positions[17].symbol,positions[18].symbol,positions[19].symbol,positions[20].symbol,positions[21].symbol,positions[22].symbol,positions[23].symbol,positions[24].symbol,positions[25].symbol,positions[26].symbol,positions[27].symbol,positions[28].symbol,positions[29].symbol,positions[30].symbol,positions[31].symbol,positions[32].symbol,positions[0].tradeType,positions[1].tradeType,positions[2].tradeType,positions[3].tradeType,positions[4].tradeType,positions[5].tradeType,positions[6].tradeType,positions[7].tradeType,positions[8].tradeType,positions[9].tradeType,positions[10].tradeType,positions[11].tradeType,positions[12].tradeType,positions[13].tradeType,positions[14].tradeType,positions[15].tradeType,positions[16].tradeType,positions[17].tradeType,positions[18].tradeType,positions[19].tradeType,positions[20].tradeType,positions[21].tradeType,positions[22].tradeType,positions[23].tradeType,positions[24].tradeType,positions[25].tradeType,positions[26].tradeType,positions[27].tradeType,positions[28].tradeType,positions[29].tradeType,positions[30].tradeType,positions[31].tradeType,positions[32].tradeType,positions[0].amountIn,positions[1].amountIn,positions[2].amountIn,positions[3].amountIn,positions[4].amountIn,positions[5].amountIn,positions[6].amountIn,positions[7].amountIn,positions[8].amountIn,positions[9].amountIn,positions[10].amountIn,positions[11].amountIn,positions[12].amountIn,positions[13].amountIn,positions[14].amountIn,positions[15].amountIn,positions[16].amountIn,positions[17].amountIn,positions[18].amountIn,positions[19].amountIn,positions[20].amountIn,positions[21].amountIn,positions[22].amountIn,positions[23].amountIn,positions[24].amountIn,positions[25].amountIn,positions[26].amountIn,positions[27].amountIn,positions[28].amountIn,positions[29].amountIn,positions[30].amountIn,positions[31].amountIn,positions[32].amountIn,positions[0].amountOut,positions[1].amountOut,positions[2].amountOut,positions[3].amountOut,positions[4].amountOut,positions[5].amountOut,positions[6].amountOut,positions[7].amountOut,positions[8].amountOut,positions[9].amountOut,positions[10].amountOut,positions[11].amountOut,positions[12].amountOut,positions[13].amountOut,positions[14].amountOut,positions[15].amountOut,positions[16].amountOut,positions[17].amountOut,positions[18].amountOut,positions[19].amountOut,positions[20].amountOut,positions[21].amountOut,positions[22].amountOut,positions[23].amountOut,positions[24].amountOut,positions[25].amountOut,positions[26].amountOut,positions[27].amountOut,positions[28].amountOut,positions[29].amountOut,positions[30].amountOut,positions[31].amountOut,positions[32].amountOut,positions[0]._id,positions[1]._id,positions[2]._id,positions[3]._id,positions[4]._id,positions[5]._id,positions[6]._id,positions[7]._id,positions[8]._id,positions[9]._id,positions[10]._id,positions[11]._id,positions[12]._id,positions[13]._id,positions[14]._id,positions[15]._id,positions[16]._id,positions[17]._id,positions[18]._id,positions[19]._id,positions[20]._id,positions[21]._id,positions[22]._id,positions[23]._id,positions[24]._id,positions[25]._id,positions[26]._id,positions[27]._id,positions[28]._id,positions[29]._id,positions[30]._id,positions[31]._id,positions[32]._id,__v
660b8f33ac7a10fdab7e5968,5201826656,vEqe9vnPRn42Hs1YA7UoNP2JFJApyeu615XkjJzjphY,4hw1dhVQA1iveLfnVzGxRnWZKsuuBUv3XzjftGRuRmJf,,,,,,,,,,,,,,,,,,,,,,,,,,,,,,,,,cam,,,,,,,,,,,,,,,,,,,,,,,,,,,,,,,,,cam,,,,,,,,,,,,,,,,,,,,,,,,,,,,,,,,,ray_swap_sell,,,,,,,,,,,,,,,,,,,,,,,,,,,,,,,,,0,,,,,,,,,,,,,,,,,,,,,,,,,,,,,,,,,0,,,,,,,,,,,,,,,,,,,,,,,,,,,,,,,,,662eea26856dc747e529267c,,,,,,,,,,,,,,,,,,,,,,,,,,,,,,,,,8
660c96a737645c179afaf18a,1566352873,8nyXRBJAJJ9ckeiD5fLN9UGoG9wqRuwiWxjJX6vXgPN8,,,,,,,,,,,,,,,,,,,,,,,,,,,,,,,,,,,,,,,,,,,,,,,,,,,,,,,,,,,,,,,,,,,,,,,,,,,,,,,,,,,,,,,,,,,,,,,,,,,,,,,,,,,,,,,,,,,,,,,,,,,,,,,,,,,,,,,,,,,,,,,,,,,,,,,,,,,,,,,,,,,,,,,,,,,,,,,,,,,,,,,,,,,,,,,,,,,,,,,,,,,,,,,,,,,,,,,,,,,,,,,,,,,,,,,,18
660f65a20a243819e5de0690,1265279739,LaepSgcs8VC3sQbAF3JfN7BKzChAwYkYUxsQy5PvdVW,6TuvBEZkZi6vCsWLjqKEabAvGbpiUG1L1zRooBoffsoJ,5JU2P8sGQHRz2g185HWDDax2PNPyqbUn6L21yMSLHDzm,rScH3Pt4Vo4JrjfzfuipdHKzh3RQ3qXoiom7z8Q2kjT,,,,,,,,,,,,,,,,,,,,,,,,,,,,,,,Book of Rugs,Book of China,ü©∑ Gummy's Girlfriend,,,,,,,,,,,,,,,,,,,,,,,,,,,,,,,BOR,BOCH,GUMMIA,,,,,,,,,,,,,,,,,,,,,,,,,,,,,,,ray_swap_buy,ray_swap_buy,ray_swap_buy,,,,,,,,,,,,,,,,,,,,,,,,,,,,,,,100000000,100000000,200000000,,,,,,,,,,,,,,,,,,,,,,,,,,,,,,,33704572792,2393098471634,320021504655,,,,,,,,,,,,,,,,,,,,,,,,,,,,,,,6634861f7abed986fa18c8af,6634f0a05f8f4c37e13eba84,663534d05f8f4c37e13ed1a9,,,,,,,,,,,,,,,,,,,,,,,,,,,,,,,37
66107592d5bb10c9d73c1929,7169506701,BmXJEjRj6qANSGN298gXs8SyLPkB6zvsNNXKfe1D1i48,9mJttakyiZFF3sCXKSvi1AaQ9zSbrz8kNhqSB13b5Axi,,,,,,,,,,,,,,,,,,,,,,,,,,,,,,,,,PEPCAT,,,,,,,,,,,,,,,,,,,,,,,,,,,,,,,,,PEPCAT,,,,,,,,,,,,,,,,,,,,,,,,,,,,,,,,,ray_swap_buy,,,,,,,,,,,,,,,,,,,,,,,,,,,,,,,,,1500000000,,,,,,,,,,,,,,,,,,,,,,,,,,,,,,,,,290251305248822,,,,,,,,,,,,,,,,,,,,,,,,,,,,,,,,,6639e65297223833b600112a,,,,,,,,,,,,,,,,,,,,,,,,,,,,,,,,,6
6610adb91deec42d5443cb83,1648526106,8joLcXrQFeJG92Shs5YQEWnJrRXkzDTN3gni2Sk8jcYB,6PzAAqShVBAdmigsM2Zq5DWkNVCFeaimiJWcgeTsy4vq,,,,,,,,,,,,,,,,,,,,,,,,,,,,,,,,,Ran Mooner,,,,,,,,,,,,,,,,,,,,,,,,,,,,,,,,,RAN,,,,,,,,,,,,,,,,,,,,,,,,,,,,,,,,,ray_swap_buy,,,,,,,,,,,,,,,,,,,,,,,,,,,,,,,,,1000000000,,,,,,,,,,,,,,,,,,,,,,,,,,,,,,,,,165385086813,,,,,,,,,,,,,,,,,,,,,,,,,,,,,,,,,663e7e6497223833b600e136,,,,,,,,,,,,,,,,,,,,,,,,,,,,,,,,,15
6614cf161bb50dde69c99c11,6952221343,Hw3mioDdsRu8FXu3fB9iLaUb9r6NLa5RHVcaChmvgZ8v,7BgBvyjrZX1YKz4oh9mjb8ZScatkkwb8DzFx7LoiVkM3,5z3EqYQo9HiCEs3R84RCDMu2n7anpDMxRhdK8PSWmrRC,4hw1dhVQA1iveLfnVzGxRnWZKsuuBUv3XzjftGRuRmJf,Fch1oixTPri8zxBnmdCEADoJW2toyFHxqDZacQkwdvSP,HfXLMuSCHvsuYHRLekyW88oiz1LJvRerKh4QH1y5f8xk,ELe8irPCVuqFQ3fuebeHuJVDbjsSrSu9UPd5fYremkEa,9mJttakyiZFF3sCXKSvi1AaQ9zSbrz8kNhqSB13b5Axi,,,,,,,,,,,,,,,,,,,,,,,,,,,SLERF,PONKE,cam,HARAMBE,chibi,STARWARS,PEPCAT,,,,,,,,,,,,,,,,,,,,,,,,,,,SLERF,PONKE,cam,HARAMBE,chibi,STARWARS,PEPCAT,,,,,,,,,,,,,,,,,,,,,,,,,,,ray_swap_buy,ray_swap_sell,ray_swap_buy,ray_swap_buy,ray_swap_sell,ray_swap_sell,ray_swap_buy,,,,,,,,,,,,,,,,,,,,,,,,,,,1200000000,1076599516,600000000,100000000,0,0,2000000000,,,,,,,,,,,,,,,,,,,,,,,,,,,401487326381,1002138170001,7381921252715179,454643245130,0,0,403360729002075,,,,,,,,,,,,,,,,,,,,,,,,,,,6621011a8f4413956b56c22c,66225dfceeca18ee05343fd3,6626ec1f2c2c8f58ec884ee2,66282d8ecf383b8aff39f3f5,6635767437484291b1a4cca8,663606ff37484291b1a4f676,6639e8d197223833b600123d,,,,,,,,,,,,,,,,,,,,,,,,,,,12
66182de206f7834d6a02ee9a,994846431,Htt5cawHkv54eC8uPrX8ed7MJQMB1BRKWvt3xpEHXSGP,4hw1dhVQA1iveLfnVzGxRnWZKsuuBUv3XzjftGRuRmJf,DezXAZ8z7PnrnRJjz3wXBoRgixCa6xjnB7YaB1pPB263,,,,,,,,,,,,,,,,,,,,,,,,,,,,,,,,cam,Bonk,,,,,,,,,,,,,,,,,,,,,,,,,,,,,,,,cam,Bonk,,,,,,,,,,,,,,,,,,,,,,,,,,,,,,,,ray_swap_buy,ray_swap_sell,,,,,,,,,,,,,,,,,,,,,,,,,,,,,,,,1150000000,17636796.00000012,,,,,,,,,,,,,,,,,,,,,,,,,,,,,,,,47084050838908072,-4897430732,,,,,,,,,,,,,,,,,,,,,,,,,,,,,,,,66254842d41c68841a1fe365,66298fadf426a31204025b8f,,,,,,,,,,,,,,,,,,,,,,,,,,,,,,,,2
6618613806f7834d6a02eefd,5875162392,3pixJyrM6cShoqBSYxgDqE7FtELievxq4i9Q2j2jdqJp,4hw1dhVQA1iveLfnVzGxRnWZKsuuBUv3XzjftGRuRmJf,,,,,,,,,,,,,,,,,,,,,,,,,,,,,,,,,cam,,,,,,,,,,,,,,,,,,,,,,,,,,,,,,,,,cam,,,,,,,,,,,,,,,,,,,,,,,,,,,,,,,,,ray_swap_sell,,,,,,,,,,,,,,,,,,,,,,,,,,,,,,,,,0,,,,,,,,,,,,,,,,,,,,,,,,,,,,,,,,,0,,,,,,,,,,,,,,,,,,,,,,,,,,,,,,,,,66270ad22c2c8f58ec88500e,,,,,,,,,,,,,,,,,,,,,,,,,,,,,,,,,0
6619fc1a2d77afd158527397,1768920687,Cz1vo4gpAs99ywS1n89FEhE46ZoexxZXwVg5PM9y1TR7,Gtd7pc3s4TKBabNNW2mwSfJ3jkKTAdfwkFP77r97K6bC,4uEAcRw9FV8VgPY4nt53EVRDYQgYDkfB6oSLV4qbJUbs,So11111111111111111111111111111111111111112,,,,,,,,,,,,,,,,,,,,,,,,,,,,,,,WE ARE RETARDS,Ape,Piexeled Pepe,,,,,,,,,,,,,,,,,,,,,,,,,,,,,,,WAR,üêí,PPP,,,,,,,,,,,,,,,,,,,,,,,,,,,,,,,ray_swap_buy,ray_swap_buy,ray_swap_buy,,,,,,,,,,,,,,,,,,,,,,,,,,,,,,,10000000,60000000,100000000,,,,,,,,,,,,,,,,,,,,,,,,,,,,,,,763752525210,74403031449119,101401305699,,,,,,,,,,,,,,,,,,,,,,,,,,,,,,,6619fc1a2d77afd158527398,663e858697223833b600e545,66413e9a97223833b6014f49,,,,,,,,,,,,,,,,,,,,,,,,,,,,,,,9
661a83f97a07d45f6dc2668d,756345261,FCSDbjGS4bxj8xHPimbNyN5NdngmRgqrDT2Pc6Sx3VFp,2pQgw1pMT64WTRvEYd2Z2sHRNKibu2ciqTjq5nStW8ws,G7HsG5RJdHBrEH5Wwk8hLyjn3m7LaypunYLFXPtvdKE4,Hx6jDBon5Aj9L44xWceh2KxxYnv5cm9nPEFgMSszaFKs,,,,,,,,,,,,,,,,,,,,,,,,,,,,,,,1INTRO,CatGPT,arnuld schwarznegga,,,,,,,,,,,,,,,,,,,,,,,,,,,,,,,INTRO,CatGPT,arnuld,,,,,,,,,,,,,,,,,,,,,,,,,,,,,,,ray_swap_sell,ray_swap_buy,ray_swap_buy,,,,,,,,,,,,,,,,,,,,,,,,,,,,,,,49372731,20000000,10000000,,,,,,,,,,,,,,,,,,,,,,,,,,,,,,,1,297583202686498,3991571689,,,,,,,,,,,,,,,,,,,,,,,,,,,,,,,661a8e687a07d45f6dc2672c,661aa5237a07d45f6dc26b5b,661ab4397a07d45f6dc26df8,,,,,,,,,,,,,,,,,,,,,,,,,,,,,,,7
661a9e2d7a07d45f6dc269d8,1538018112,9LctYu26QYaz5ttsjjLZM9FFQzuybELHoZnqHtzNwycU,cat8ZZc6cpT6w6Le1irWKMVp5b77QzJDpBSzDjW4rbK,C6gy2P94i67cSoMvziCsTPhiqispAnfEuKiR2ScBu8e9,GnAZazmLnKS43ExYrKgPn4YTkqtwNV3C7Zxm1SaAbGHN,Ho9mXgvc5XxmDvmKiT1MxRyN7Msu7hWAvPtN4bKuwFCc,FefuAATqA3tEwZP5uMYnCwd2knsWgkjYiXHHA9PX9KhT,GMHU29jA1UWGk86Bh4qhCnwXzqgBydDYNCsLeHqSMnkJ,CQuAP1uMsqefsqq5etXia8YYYh1YRGJQC63D3E5wLePw,GQhiyqHbugHsyex9o33KiwNhBwFL1sU8PpjqUhDEpwBs,rVbbfDwfco7bKDj3nDiLHNvM7RZkiGRZqdxBXYTbSsh,,,,,,,,,,,,,,,,,,,,,,,,,cat,SkotiVi,BLIEVE IN SMTHIN NIGGA ITS SIMPL,Norm Wif Hat,HAUK,PEACE COIN,Dog Wif Bomb,GCRISBACK,WORLD WAR III,,,,,,,,,,,,,,,,,,,,,,,,,CAT,SKOTI,BISNIS,NORMWIF,HAUK,NOWAR,$WIFBOMB,GCR,WW3,,,,,,,,,,,,,,,,,,,,,,,,,ray_swap_sell,ray_swap_sell,ray_swap_sell,ray_swap_sell,ray_swap_sell,ray_swap_sell,ray_swap_sell,ray_swap_sell,ray_swap_buy,,,,,,,,,,,,,,,,,,,,,,,,,0,0,0,0,0,0,0,0,100000000,,,,,,,,,,,,,,,,,,,,,,,,,0,0,0,0,0,0,0,0,2531248589823,,,,,,,,,,,,,,,,,,,,,,,,,661a9ee87a07d45f6dc26a13,661aad0e7a07d45f6dc26cbf,661ab5fc7a07d45f6dc26f5a,661ab9097a07d45f6dc270e8,661abcba7a07d45f6dc27267,661afb037a07d45f6dc2851a,661b00167a07d45f6dc285c5,661b04b37a07d45f6dc2868e,661b0d2d7a07d45f6dc2876d,,,,,,,,,,,,,,,,,,,,,,,,,8
661aa3307a07d45f6dc26acb,6975227218,5GTSq8ufuAk3RJoJiYFXc5t8WUpiuR1SCnBAc3KHhjT9,BTWvZsjwgnGT7qSM3AAXxjZohCLsMHpdAhaiQMJbBvcF,7BRU78oJxv9WitRQrAHV8cj8XbFbeGKJAjBptx6D3pyA,,,,,,,,,,,,,,,,,,,,,,,,,,,,,,,,HULVIN,WE ARE RETARDS,,,,,,,,,,,,,,,,,,,,,,,,,,,,,,,,HULVIN,WAR,,,,,,,,,,,,,,,,,,,,,,,,,,,,,,,,ray_swap_buy,ray_swap_buy,,,,,,,,,,,,,,,,,,,,,,,,,,,,,,,,30000000,30000000,,,,,,,,,,,,,,,,,,,,,,,,,,,,,,,,818077062634,551139417353,,,,,,,,,,,,,,,,,,,,,,,,,,,,,,,,661ae09e7a07d45f6dc27d17,661beb54e2ef31dd25c12c36,,,,,,,,,,,,,,,,,,,,,,,,,,,,,,,,7
661aae1e7a07d45f6dc26cf8,1843525807,8oJHPRXU5yZPCqnubyTYa8VYNDz95UnFC9QPqTv7QDnf,C3hsJW7anwfrevTvfthJAzua3TpJkMoewrCbeMBkX4Wf,,,,,,,,,,,,,,,,,,,,,,,,,,,,,,,,,$BWIF,,,,,,,,,,,,,,,,,,,,,,,,,,,,,,,,,BirdWifHat,,,,,,,,,,,,,,,,,,,,,,,,,,,,,,,,,ray_swap_sell,,,,,,,,,,,,,,,,,,,,,,,,,,,,,,,,,0,,,,,,,,,,,,,,,,,,,,,,,,,,,,,,,,,0,,,,,,,,,,,,,,,,,,,,,,,,,,,,,,,,,661c0111e2ef31dd25c12dff,,,,,,,,,,,,,,,,,,,,,,,,,,,,,,,,,33
661ab4567a07d45f6dc26e1c,1683147497,BXBUT5e2fCrU6ge69CbKod1GiooatvfiGDt7KW7Tu7h,pz8KjM9AHRu8MvjEbxHjZ6RwxQjTgxvTtRsaQtCUyQf,4R4jNxjLLZJqfE61Wv48fkP3JccJmx42sK9JnrRjiQp7,CnJgfGr3N1PTJ1kYk1Wr3rzzLeG6sXBjNupcfDgYShXQ,7GLvXZrvsoJ3JbgVYnJzuCZHjBW2E3NQocrzvFBx1BZS,FeYEe1qFM3S7jfVSAKAiDoR6qfETVLRkwDNtRnJDzbdD,,,,,,,,,,,,,,,,,,,,,,,,,,,,,Fux Nous,Pandu,Dubai Coin üá¶üá™,BOOK OF DOGS,pinish,,,,,,,,,,,,,,,,,,,,,,,,,,,,,FUX,PANDU,DUBAI,BODE,$pinish,,,,,,,,,,,,,,,,,,,,,,,,,,,,,ray_swap_buy,ray_swap_buy,ray_swap_buy,ray_swap_sell,ray_swap_buy,,,,,,,,,,,,,,,,,,,,,,,,,,,,,50000000,1000000000,1000000000,0,600000000,,,,,,,,,,,,,,,,,,,,,,,,,,,,,62700077556,1178324544518,2077496796585077,0,360782367049305,,,,,,,,,,,,,,,,,,,,,,,,,,,,,661ab8867a07d45f6dc270af,6629856ef426a31204025837,663aa47d97223833b6005a08,66402ef497223833b60141ed,6640300397223833b6014201,,,,,,,,,,,,,,,,,,,,,,,,,,,,,15
661ac18c7a07d45f6dc273e8,1298788708,4mnaPrFn2f1GTSY8WarR8g9D665wdLLrygckUM9ukD3W,563dU6QTa183Ms9VdtDxxKq57Ak5tJ2iG3PYabUEtekR,CSEzA5Mg5Rz8XC5JFaoyrpVwKVVgwQfCsFUnSGyrq9kr,,,,,,,,,,,,,,,,,,,,,,,,,,,,,,,,Long Doge,reet,,,,,,,,,,,,,,,,,,,,,,,,,,,,,,,,LOGE,reet,,,,,,,,,,,,,,,,,,,,,,,,,,,,,,,,ray_swap_sell,ray_swap_buy,,,,,,,,,,,,,,,,,,,,,,,,,,,,,,,,48334982,20000000,,,,,,,,,,,,,,,,,,,,,,,,,,,,,,,,1,2534462262796,,,,,,,,,,,,,,,,,,,,,,,,,,,,,,,,661adcad7a07d45f6dc27a93,661ef9e96bd9e8e0f54485f2,,,,,,,,,,,,,,,,,,,,,,,,,,,,,,,,13
661acd657a07d45f6dc276bc,5426307474,CFFWo6aD8AqKhKTdEhcvLwwTiaGyx1PVPMedmjKYiNLG,DoyVgrZbkAVMbTVGqa9mFNgjThsr337vxjFtEDWQibN7,GCH9q2rgQGQvVbA9CurpvWXmcr8nWqCD7ewW36rh5QqH,8v1EzWME6oPHCuiPWy5TttRHqyV8xaya9dwonFNyWHD5,2zrEU83oD5xSvikXn7wqC3Vg7UVUqXyRFf1wKUEuewiv,w9LxMF3DuKZ4pndMUDuTDHGk3sJrRWRX7n7Yehiri5G,DszC6rsWgWQNNL3x6XJBfsutMmQkNcBG7VbKP56oRQKQ,PV49xC748z14tgg4KHqX3dTojg5ztjRdhk31JgbJtJ6,GxojtGb9BMitaKSzJVHcB5XkZHc7E7swSRy9ZwxUxza1,25hAyBQfoDhfWx9ay6rarbgvWGwDdNqcHsXS3jQ3mTDJ,,,,,,,,,,,,,,,,,,,,,,,,,Fak Nous,Ebrehem Reisi,Welf of Street Wall,WW3 Wif Hat,Dog In Bred,Toasty Guy,Chris Mckenzie,Andy,MANEKI,,,,,,,,,,,,,,,,,,,,,,,,,CNN,IREN,$WELF,WW3WIFHAT,INBRED,TOASTY,CHRIS,ANDY,MANEKI,,,,,,,,,,,,,,,,,,,,,,,,,ray_swap_sell,ray_swap_sell,ray_swap_sell,ray_swap_sell,ray_swap_buy,ray_swap_buy,ray_swap_buy,ray_swap_buy,ray_swap_buy,,,,,,,,,,,,,,,,,,,,,,,,,0,0,0,0,72000000,14000000,800000000,50000000,50000000,,,,,,,,,,,,,,,,,,,,,,,,,0,0,0,0,91584635286398,4146088336580,21803413939498,3930236718816,42215686,,,,,,,,,,,,,,,,,,,,,,,,,661ae9177a07d45f6dc27f05,661ae60d7a07d45f6dc27e7e,661af26d7a07d45f6dc2825e,661b20187a07d45f6dc28bf6,661b3c1ce2ef31dd25c122b9,661c24b8e2ef31dd25c1322d,662a5aafda7b6280bd867e1e,662d4043ba8b10c0d8312875,662d42daba8b10c0d83129ba,,,,,,,,,,,,,,,,,,,,,,,,,8
661adbc27a07d45f6dc279d2,1243747026,67Bx7vZ8u1miTm5qZiNhiQSik3h7qqQ26zqJrxwM4VDy,EgQ8eha2sgH9PwkKx9Ey1VzjmXAJgE5E7R1W5jMBh2yF,2JEzbNmULfn3BBDHo9JRvLmwG6WgzceNNaMd6NB9Bq7L,,,,,,,,,,,,,,,,,,,,,,,,,,,,,,,,GreenPulse,Headwalk,,,,,,,,,,,,,,,,,,,,,,,,,,,,,,,,GPULSE,HEADWALK,,,,,,,,,,,,,,,,,,,,,,,,,,,,,,,,ray_swap_buy,ray_swap_buy,,,,,,,,,,,,,,,,,,,,,,,,,,,,,,,,100000000,100000000,,,,,,,,,,,,,,,,,,,,,,,,,,,,,,,,1383070456889751808,262821027770809,,,,,,,,,,,,,,,,,,,,,,,,,,,,,,,,661d346c17b9b7b3b990ae55,66298af2f426a312040258d6,,,,,,,,,,,,,,,,,,,,,,,,,,,,,,,,16
661b6430e2ef31dd25c12630,2036903719,56q37bz7mM2MXcB1ZSp1THhVbphbSzbrX1xN5BtiVH8G,CoRkC3r6MqYuTeMRc7D8JJF7UiUyFWurXGpYy1xQATNq,,,,,,,,,,,,,,,,,,,,,,,,,,,,,,,,,$FLUFF,,,,,,,,,,,,,,,,,,,,,,,,,,,,,,,,,$FLUFF,,,,,,,,,,,,,,,,,,,,,,,,,,,,,,,,,ray_swap_sell,,,,,,,,,,,,,,,,,,,,,,,,,,,,,,,,,271723044,,,,,,,,,,,,,,,,,,,,,,,,,,,,,,,,,5916773729036,,,,,,,,,,,,,,,,,,,,,,,,,,,,,,,,,66401c1097223833b6013f33,,,,,,,,,,,,,,,,,,,,,,,,,,,,,,,,,9
661bb3abe2ef31dd25c12843,503538098,CxpjzGeabcBiAWYhLuqn32wVtXSSY38kJE6QKLUifsd6,44bzge9EZJGPJRYNmsA64mdKZ1eeLdDcDiczRmoyAtez,,,,,,,,,,,,,,,,,,,,,,,,,,,,,,,,,Lord Of Sol,,,,,,,,,,,,,,,,,,,,,,,,,,,,,,,,,LOS,,,,,,,,,,,,,,,,,,,,,,,,,,,,,,,,,ray_swap_buy,,,,,,,,,,,,,,,,,,,,,,,,,,,,,,,,,40000000,,,,,,,,,,,,,,,,,,,,,,,,,,,,,,,,,4104986480,,,,,,,,,,,,,,,,,,,,,,,,,,,,,,,,,663cfb3897223833b60098d9,,,,,,,,,,,,,,,,,,,,,,,,,,,,,,,,,4
661bfd39e2ef31dd25c12d2b,6544142856,HDJAHcghHB8zgL7npmxyWnKHGhboMUDY7ckwtLtdzSza,,,,,,,,,,,,,,,,,,,,,,,,,,,,,,,,,,,,,,,,,,,,,,,,,,,,,,,,,,,,,,,,,,,,,,,,,,,,,,,,,,,,,,,,,,,,,,,,,,,,,,,,,,,,,,,,,,,,,,,,,,,,,,,,,,,,,,,,,,,,,,,,,,,,,,,,,,,,,,,,,,,,,,,,,,,,,,,,,,,,,,,,,,,,,,,,,,,,,,,,,,,,,,,,,,,,,,,,,,,,,,,,,,,,,,,,1
661c04e0e2ef31dd25c12e2b,2016358849,GhkzYTN3yRXmiSkZ7erHckMoWiHvuJxyYDgVrLet8FFk,ygQhHqa9sp8NBfNa8NoFauHHq8B2B2fEnGnJPjYRaLi,7F9i1CUBmisLWFHbfvKyGrgUSfBYEGJjcFMHSruzLYqM,2VYVwrwSNM8WxbFdPU4KQpZUB9FWCenFFoDqvpHQ7rZE,H7TtFEdCaXgfmwyxwhufi5LEjNqEiFRMThYKBV9Bpt7j,EKEWAk7hfnwfR8DBb1cTayPPambqyC7pwNiYkaYQKQHp,,,,,,,,,,,,,,,,,,,,,,,,,,,,,POLITARDIO,CHIBI,Jail Cat,Ryan Cohen,Roaring Kitty,,,,,,,,,,,,,,,,,,,,,,,,,,,,,TARDIO,CHIBI,CUFF,GMECEO,KITTY,,,,,,,,,,,,,,,,,,,,,,,,,,,,,ray_swap_buy,ray_swap_buy,ray_swap_buy,ray_swap_sell,ray_swap_sell,,,,,,,,,,,,,,,,,,,,,,,,,,,,,100000000,100000000,100000000,0,0,,,,,,,,,,,,,,,,,,,,,,,,,,,,,202302821415,359881205070,1980446707,0,0,,,,,,,,,,,,,,,,,,,,,,,,,,,,,663e7fdc97223833b600e190,663f43ec97223833b601210d,6640e64c97223833b6014b06,6642bcc097223833b60180c5,6642fa8497223833b6019863,,,,,,,,,,,,,,,,,,,,,,,,,,,,,41
661c44d783b1badd84a105de,6686516883,BH9Kb4eycMhMAq1shhiedPNPV3pXYSSrbVmCswxpdi9f,CSxHuira4WtyUQLL9EEiaU3A4gkuFHyjkiAuBgwoRzEM,,,,,,,,,,,,,,,,,,,,,,,,,,,,,,,,,Obamaladen,,,,,,,,,,,,,,,,,,,,,,,,,,,,,,,,,OBAMA,,,,,,,,,,,,,,,,,,,,,,,,,,,,,,,,,ray_swap_sell,,,,,,,,,,,,,,,,,,,,,,,,,,,,,,,,,0,,,,,,,,,,,,,,,,,,,,,,,,,,,,,,,,,0,,,,,,,,,,,,,,,,,,,,,,,,,,,,,,,,,661d0e4817b9b7b3b990a1af,,,,,,,,,,,,,,,,,,,,,,,,,,,,,,,,,9
661c6b0983b1badd84a1098a,5345905583,2pcXV5grwEbsgThXF132vmZ12tScxduzZVcETsL6YJtn,,,,,,,,,,,,,,,,,,,,,,,,,,,,,,,,,,,,,,,,,,,,,,,,,,,,,,,,,,,,,,,,,,,,,,,,,,,,,,,,,,,,,,,,,,,,,,,,,,,,,,,,,,,,,,,,,,,,,,,,,,,,,,,,,,,,,,,,,,,,,,,,,,,,,,,,,,,,,,,,,,,,,,,,,,,,,,,,,,,,,,,,,,,,,,,,,,,,,,,,,,,,,,,,,,,,,,,,,,,,,,,,,,,,,,,,9
661c9f0217b9b7b3b99092a8,5021794947,FLLR9k85xh3H8ppEm6fGjjRf3MwdZBaK1kzGtruwhV7C,4hw1dhVQA1iveLfnVzGxRnWZKsuuBUv3XzjftGRuRmJf,,,,,,,,,,,,,,,,,,,,,,,,,,,,,,,,,cam,,,,,,,,,,,,,,,,,,,,,,,,,,,,,,,,,cam,,,,,,,,,,,,,,,,,,,,,,,,,,,,,,,,,ray_swap_sell,,,,,,,,,,,,,,,,,,,,,,,,,,,,,,,,,0,,,,,,,,,,,,,,,,,,,,,,,,,,,,,,,,,0,,,,,,,,,,,,,,,,,,,,,,,,,,,,,,,,,663b00e197223833b600798f,,,,,,,,,,,,,,,,,,,,,,,,,,,,,,,,,0
661ca3e217b9b7b3b99092df,1239611702,D9jRJYpzWUQN12mBjnh3qPNnFiMZiikLN1r76baf13az,,,,,,,,,,,,,,,,,,,,,,,,,,,,,,,,,,,,,,,,,,,,,,,,,,,,,,,,,,,,,,,,,,,,,,,,,,,,,,,,,,,,,,,,,,,,,,,,,,,,,,,,,,,,,,,,,,,,,,,,,,,,,,,,,,,,,,,,,,,,,,,,,,,,,,,,,,,,,,,,,,,,,,,,,,,,,,,,,,,,,,,,,,,,,,,,,,,,,,,,,,,,,,,,,,,,,,,,,,,,,,,,,,,,,,,,0
661d0a3317b9b7b3b990a14a,5882775064,BP86tUgQkTA9vbKzih4EnHfnfRCd18qjeuRB5k59yPZG,Aya4oeFAtNehH4g3zkEDN9YE9ZvVPmS5eSG99SPGvnYJ,,,,,,,,,,,,,,,,,,,,,,,,,,,,,,,,,CATRIX,,,,,,,,,,,,,,,,,,,,,,,,,,,,,,,,,CATRIX,,,,,,,,,,,,,,,,,,,,,,,,,,,,,,,,,ray_swap_buy,,,,,,,,,,,,,,,,,,,,,,,,,,,,,,,,,7000000,,,,,,,,,,,,,,,,,,,,,,,,,,,,,,,,,11968338379,,,,,,,,,,,,,,,,,,,,,,,,,,,,,,,,,661d0a3317b9b7b3b990a14b,,,,,,,,,,,,,,,,,,,,,,,,,,,,,,,,,0
661d29ff17b9b7b3b990ab59,1045467172,7SeBfv88AwDyp9UenB1yw5EXLTjYWZLaEMPUwqhu8F5o,2jbwKuCdFjDLmwpQEZrRe5EoYN9A8Dq7dJpv2ccxDfYz,BDAYa9vCcoX7bWLDjq2ENYnW4kvE5G4qFrvJmzpth6dY,,,,,,,,,,,,,,,,,,,,,,,,,,,,,,,,hehe:3,PEPE BIRTHDAY,,,,,,,,,,,,,,,,,,,,,,,,,,,,,,,,hehe,PEPEBDAY,,,,,,,,,,,,,,,,,,,,,,,,,,,,,,,,ray_swap_sell,ray_swap_sell,,,,,,,,,,,,,,,,,,,,,,,,,,,,,,,,50521586,0,,,,,,,,,,,,,,,,,,,,,,,,,,,,,,,,-51683887017,0,,,,,,,,,,,,,,,,,,,,,,,,,,,,,,,,661f02f26bd9e8e0f544887a,661ff4984888ae07deaa6015,,,,,,,,,,,,,,,,,,,,,,,,,,,,,,,,2
661d2cb217b9b7b3b990abf9,1345136533,H2RkVG2C8EE29MxyEpuoZiHDyFpx9q9zZBaWuoJbPryV,NVT46syYvhJUwQXTRzHW7oMUYWeLm22RJwW7Mbg1RdX,EGzG5pZWt5svkewMCaAkgRSeThPpyoJ8N78FDjB3yV3,So11111111111111111111111111111111111111112,6uZzoG2HYWKRdrrJzGqzC7TxLGV7ViJGKDYGCFSKNg1W,53yANribNp1WzRsciY6upAN2VPY85waZEtADTeJhtQGN,Gz8YUFASmpVDyB5MVTAvaampn78G59NSGboCP7X7vWzv,G36o8fCvdqPPzoZVn59SfUYNCYoabuCow5yorjdt3yKi,AryrkRPKMHXttbZNqhm5Y8yAzdSnuLtasoacVSv64Dsa,8uwcmeA46XfLUc4MJ1WFQeV81rDTHTVer1B5Rc6M4iyn,4jZXkSNgTQKCDb36ECZ6a2aNzcUniGcDeXgTdtM2HxAX,WENWENvqqNya429ubCdR81ZmD69brwQaaBYY6p3LCpk,APpEnXgrGYjReRCqd2bkrGp9P4ZpPLJumKEstHFvAx9W,8twuNzMszqWeFbDErwtf4gw13E6MUS4Hsdx5mi3aqXAM,Wi3SwbK1ZGUr3G83EEbYe9io3C9eHYWUMhEfy1qcfDz,G5gaignqRgpXthyNRLkB71dLdyUhm3xfaAtVx9QR8yZM,FU1q8vJpZNUrmqsciSjp8bAKKidGsLmouB8CBdf8TKQv,8CkiSHHJDHJV4LUoiRMLUhqG58cUkbyJRtcP4Z3mCXNf,5LafQUrVco6o7KMz42eqVEJ9LW31StPyGjeeu5sKoMtA,7GCihgDB8fe6KNjn2MYtkzZcRjQy3t9GHdC8uHYmW2hr,GvcNXdSehfNSNyhDVDj27kc459LzFqWozt9CSJywMy6r,AST1fjiM1HoGSbbNKmPuapnhxiCBLxAHqi5vqsZ6V72e,AcY6RWuWKM5NU7BeSE4c4zQxBZpyU7pTLNF3g5DTWUC2,,,,,,,,,,,,MAGA Movement,Bad Larrys,Crodie,halvpepe,Samurai Cat,catato,The Professional Cat,cat flooding in dubai,·ó™O·ñáK ·í™O·ñá·ó™,Bork,Wen,Simpsols,Solbank,Jerry,Kaneki ,doland tremp,POWSCHE,Mumu the Bull,POPCAT,Crodie,PRAISE THE $POPE,Catfish,,,,,,,,,,,,MAGA,GOFISH,CRODIE,halvpepe,YUKI,CATATO,L√©on Cat,cfid,DORKL,BORK,WEN,SIMPS,SB,Jerry,KANEKI,tremp,POWSCHE,MUMU,POPCAT,CRODIE,POPE,CATFISH,,,,,,,,,,,,ray_swap_buy,ray_swap_buy,ray_swap_buy,ray_swap_sell,ray_swap_sell,ray_swap_sell,ray_swap_sell,ray_swap_sell,ray_swap_sell,ray_swap_sell,ray_swap_buy,ray_swap_sell,ray_swap_buy,ray_swap_sell,ray_swap_buy,ray_swap_sell,ray_swap_sell,ray_swap_sell,ray_swap_buy,ray_swap_sell,ray_swap_sell,ray_swap_buy,,,,,,,,,,,,10000000,10000000,80000000,0,0,0,0,0,0,72439740,179000000,0,6000000,0,36000000,0,0,0,270000000,0,0,130000000,,,,,,,,,,,,552133595450,6012081867265,771760019518,0,0,0,0,0,0,38198855518873,12184010171,0,2295787,0,969137659931,0,0,0,60424212029,0,0,25650964865,,,,,,,,,,,,6622a504eeca18ee05344326,66235d6aeeca18ee05344867,6637316737484291b1a55e2d,66256d9f6a8f41c2d788dfb4,6626a2d79d61df61dee7c17c,6626cfd52c2c8f58ec884be6,6626814d9d61df61dee7bed2,6629057bcf383b8aff3a023d,6628ea29cf383b8aff3a0115,6629239bcf383b8aff3a03b0,662cb24d9d2a542257446358,662aa124da7b6280bd868bbd,662ada42da7b6280bd869972,662add96da7b6280bd869a8f,662cc7069d2a542257446576,6637d3cb37484291b1a579fe,6635f74337484291b1a4f2cb,663685ac37484291b1a521e0,663723cf37484291b1a55d6f,66375aee37484291b1a56224,66375e5a37484291b1a562c8,6637d5f837484291b1a57bee,,,,,,,,,,,,25
661d47efd7e8cbe4f440c171,963052613,5FkMXkvsvwTLsxVGc8P4cxxWj593h2uqB81cjK9BjAEF,GeE3HQKxoWNuWRSkbCefkacJ4jTygmSxipneWA3c1cx3,,,,,,,,,,,,,,,,,,,,,,,,,,,,,,,,,Bitcoin Dog,,,,,,,,,,,,,,,,,,,,,,,,,,,,,,,,,BDOG,,,,,,,,,,,,,,,,,,,,,,,,,,,,,,,,,ray_swap_buy,,,,,,,,,,,,,,,,,,,,,,,,,,,,,,,,,100000000,,,,,,,,,,,,,,,,,,,,,,,,,,,,,,,,,351093123664,,,,,,,,,,,,,,,,,,,,,,,,,,,,,,,,,661d4b96d7e8cbe4f440c1c3,,,,,,,,,,,,,,,,,,,,,,,,,,,,,,,,,1
661d7b7bd7e8cbe4f440cebe,1394780467,ETx2R65T5SeRVBzeeentLYEH8x2aZpqwFemhzDHKGPLw,6YygsSfS21DZspZ2UkEcrUQqpcRSYnmvuriww7o6biWr,6tWg2tUKcZ67Z94RmpTq7ZKDjXJiJbTkcBkcyzHqCG5X,,,,,,,,,,,,,,,,,,,,,,,,,,,,,,,,PUDGY PUG COIN,Hump,,,,,,,,,,,,,,,,,,,,,,,,,,,,,,,,PUPU,HUMP,,,,,,,,,,,,,,,,,,,,,,,,,,,,,,,,ray_swap_buy,ray_swap_buy,,,,,,,,,,,,,,,,,,,,,,,,,,,,,,,,30000000,30000000,,,,,,,,,,,,,,,,,,,,,,,,,,,,,,,,1737312704509083,36229255063,,,,,,,,,,,,,,,,,,,,,,,,,,,,,,,,661d7b7bd7e8cbe4f440cebf,661d8cafd7e8cbe4f440cfcd,,,,,,,,,,,,,,,,,,,,,,,,,,,,,,,,1
661d8bb8d7e8cbe4f440cfb1,2122583466,CG2rWBrPjBcgvjDcx2aa2bvSfWfrGo6EPYMsBSDPixY3,4hw1dhVQA1iveLfnVzGxRnWZKsuuBUv3XzjftGRuRmJf,,,,,,,,,,,,,,,,,,,,,,,,,,,,,,,,,cam,,,,,,,,,,,,,,,,,,,,,,,,,,,,,,,,,cam,,,,,,,,,,,,,,,,,,,,,,,,,,,,,,,,,ray_swap_buy,,,,,,,,,,,,,,,,,,,,,,,,,,,,,,,,,2320000000,,,,,,,,,,,,,,,,,,,,,,,,,,,,,,,,,134499114588861312,,,,,,,,,,,,,,,,,,,,,,,,,,,,,,,,,663365001859b2f7ad9114c8,,,,,,,,,,,,,,,,,,,,,,,,,,,,,,,,,0
661d99b3d7e8cbe4f440d174,1293962088,DheexfmUcJdWXKsX9D4yW4sNwMYzEQFTU4dtfKCWZWEm,6TCpFmzsB8decJVNfkjsDESY9nnS7G2euyvLrPr6Gm4f,,,,,,,,,,,,,,,,,,,,,,,,,,,,,,,,,Baraccoli Obama,,,,,,,,,,,,,,,,,,,,,,,,,,,,,,,,,BAROCC,,,,,,,,,,,,,,,,,,,,,,,,,,,,,,,,,ray_swap_buy,,,,,,,,,,,,,,,,,,,,,,,,,,,,,,,,,20000000,,,,,,,,,,,,,,,,,,,,,,,,,,,,,,,,,68962603736,,,,,,,,,,,,,,,,,,,,,,,,,,,,,,,,,661efaad6bd9e8e0f5448657,,,,,,,,,,,,,,,,,,,,,,,,,,,,,,,,,5
661db40bd7e8cbe4f440d2a7,5765046937,9kCDzTLxqN1R1nZF3fUBJAbz1yRm6gNtQTNPgqKUKo37,6CppVPVgMh1R2C6Revu9ND9KKKSpg69GUr8KPRoSri4U,J3FZ1BTpcJiyDrXj6sY9L31k5S3fz4M87Bo1kT79VHH3,6FqNdAVtgZfvuxz9iFaNNcvVujtwCLYfUdqSGaKDQGG,,,,,,,,,,,,,,,,,,,,,,,,,,,,,,,Uncle Sam,joolius ceezer,bell getes,,,,,,,,,,,,,,,,,,,,,,,,,,,,,,,SAM,ceezer,getes,,,,,,,,,,,,,,,,,,,,,,,,,,,,,,,ray_swap_buy,ray_swap_buy,ray_swap_sell,,,,,,,,,,,,,,,,,,,,,,,,,,,,,,,120000000,10000000,0,,,,,,,,,,,,,,,,,,,,,,,,,,,,,,,53191144466,100411291952674,0,,,,,,,,,,,,,,,,,,,,,,,,,,,,,,,661e156b6bd9e8e0f5446d88,661f24ce6bd9e8e0f5449a63,663dfcbd97223833b600cd50,,,,,,,,,,,,,,,,,,,,,,,,,,,,,,,31
661dd30fd7e8cbe4f440d59d,7022470222,8J2m2sxQZYaMT4kRNwaSSXCWwKKXGi4Lqpvyt9gcrx61,AMjzRn1TBQwQfNAjHFeBb7uGbbqbJB7FzXAnGgdFPk6K,,,,,,,,,,,,,,,,,,,,,,,,,,,,,,,,,SolCex ,,,,,,,,,,,,,,,,,,,,,,,,,,,,,,,,,SOLCEX,,,,,,,,,,,,,,,,,,,,,,,,,,,,,,,,,ray_swap_buy,,,,,,,,,,,,,,,,,,,,,,,,,,,,,,,,,661850000,,,,,,,,,,,,,,,,,,,,,,,,,,,,,,,,,34892827759,,,,,,,,,,,,,,,,,,,,,,,,,,,,,,,,,6636382937484291b1a50367,,,,,,,,,,,,,,,,,,,,,,,,,,,,,,,,,22
661df4136bd9e8e0f5446ab1,2144862515,9JKAEtrXwCMxAZRsR2qimeH5NkQryH1cAY6jXhoTFQn5,HKSjJ9rPGGV1EJazm3USt6DswSjqvwtrYgCNYCuykh8e,has2dLsRvZhu8kDa8U3CMjysf6sb8Kqt5p36babZxJU,,,,,,,,,,,,,,,,,,,,,,,,,,,,,,,,MERK ZERKERBERG,Halving Inu,,,,,,,,,,,,,,,,,,,,,,,,,,,,,,,,ZERK,HALVING,,,,,,,,,,,,,,,,,,,,,,,,,,,,,,,,ray_swap_buy,ray_swap_buy,,,,,,,,,,,,,,,,,,,,,,,,,,,,,,,,7600000,2500000,,,,,,,,,,,,,,,,,,,,,,,,,,,,,,,,3030316,2705881753,,,,,,,,,,,,,,,,,,,,,,,,,,,,,,,,6620581c71a9cc92ec9df525,6626761e9d61df61dee7bbac,,,,,,,,,,,,,,,,,,,,,,,,,,,,,,,,5
661e80086bd9e8e0f5447582,261977492,DsWcveM1vdZibuK9AcSh1zK1Pg6bJ6qFuNzBQu7aHMVB,4qNCFsu2HXEKcLBbKDy3VevyJxC3JKajyqwh2GUxK8cV,TCvj5k52Tnkqje4xnDETkcRJMmoECqBECpHUNdah8sf,462sTbrjMq5RmNVDpwFryQ7SK1ihDrrL2d5yhcygPc6c,,,,,,,,,,,,,,,,,,,,,,,,,,,,,,,DEGEN,Joker Dog,Gentlemen's Club,,,,,,,,,,,,,,,,,,,,,,,,,,,,,,,DEGEN,DOKER,GENTLEMEN,,,,,,,,,,,,,,,,,,,,,,,,,,,,,,,ray_swap_buy,ray_swap_buy,ray_swap_buy,,,,,,,,,,,,,,,,,,,,,,,,,,,,,,,90000000,90000000,20000000,,,,,,,,,,,,,,,,,,,,,,,,,,,,,,,0,638970800284,2591199647471,,,,,,,,,,,,,,,,,,,,,,,,,,,,,,,661e828e6bd9e8e0f5447594,663554ca37484291b1a4c352,66376be237484291b1a5635d,,,,,,,,,,,,,,,,,,,,,,,,,,,,,,,2
661eb7ec6bd9e8e0f544789f,1895667056,8ZEdwLw2dWhbKPBw5H2kfCjCeRo9ZEPyHGr8kYbhHq7w,3VzYmA5CuQ24Lm5PsqMs2MzKTYGDXoKku1VWFJ5powpm,CYobWQ73DYiyERWcvgLkYMSzkXn5Vy18JKxidjeqM6oy,vu5JiwmLhtazj3ABLobQHdqGkzorkMc4N366DXV628d,44z6DQTwetzMLKATK2Uazoqubm5FKFFKnhtr1objwDEr,A2khRbhRJNrAEHj95htivC4cR4VbJwfssDH5FPPbP4m9,9EYScpiysGnEimnQPzazr7Jn9GVfxFYzgTEj85hV9L6U,3gAgA5gJ5jAZyMFDb8m1W8Lvs3bzxYjd5xsjrGVr1UoB,,,,,,,,,,,,,,,,,,,,,,,,,,,Book of Pets,Haribo,Tacat,Four Months CZ,duk,tooker kurlson,THE BIGGEST CAT,,,,,,,,,,,,,,,,,,,,,,,,,,,BOP,HARIBO,TACAT,FOMO,duk,tooker,LIGER,,,,,,,,,,,,,,,,,,,,,,,,,,,ray_swap_sell,ray_swap_sell,ray_swap_buy,ray_swap_sell,ray_swap_sell,ray_swap_sell,ray_swap_sell,,,,,,,,,,,,,,,,,,,,,,,,,,,0,0,90000000,0,0,0,0,,,,,,,,,,,,,,,,,,,,,,,,,,,0,0,10556409781436,0,0,0,0,,,,,,,,,,,,,,,,,,,,,,,,,,,66223c52eeca18ee05343f22,6625663b6a8f41c2d788df65,6631f5996fd364410865b81d,66326b6e6fd364410865bbb3,6633bfbb1859b2f7ad9120d0,6633f1ba1859b2f7ad91351a,6633c6b21859b2f7ad912525,,,,,,,,,,,,,,,,,,,,,,,,,,,8
661ecb546bd9e8e0f5447b9a,5323658222,66ke8QL8JftbWvUdGDA7ZzgdNuX4jZtHCqpgoRLhV7Ap,CpZaKfzCJnJDBHNpdk5LPNAnFnhMxKXE57XqQ95f6BBp,BjqnTcoXx9pMtvdkCLoB8ZJhTC7bSi6kNLUgQz2krP7P,,,,,,,,,,,,,,,,,,,,,,,,,,,,,,,,FOCO,pepe family,,,,,,,,,,,,,,,,,,,,,,,,,,,,,,,,FOCO,PEPEF,,,,,,,,,,,,,,,,,,,,,,,,,,,,,,,,ray_swap_sell,ray_swap_sell,,,,,,,,,,,,,,,,,,,,,,,,,,,,,,,,0,0,,,,,,,,,,,,,,,,,,,,,,,,,,,,,,,,0,0,,,,,,,,,,,,,,,,,,,,,,,,,,,,,,,,661ecba86bd9e8e0f5447bac,66201a444888ae07deaa61e9,,,,,,,,,,,,,,,,,,,,,,,,,,,,,,,,1
661efd3f6bd9e8e0f5448787,494507022,71RCZr81yZoePsw4Mud2xd2HpHH2JhN4nFjRJUdt6p9y,,,,,,,,,,,,,,,,,,,,,,,,,,,,,,,,,,,,,,,,,,,,,,,,,,,,,,,,,,,,,,,,,,,,,,,,,,,,,,,,,,,,,,,,,,,,,,,,,,,,,,,,,,,,,,,,,,,,,,,,,,,,,,,,,,,,,,,,,,,,,,,,,,,,,,,,,,,,,,,,,,,,,,,,,,,,,,,,,,,,,,,,,,,,,,,,,,,,,,,,,,,,,,,,,,,,,,,,,,,,,,,,,,,,,,,,0
661f064c6bd9e8e0f54488ab,44278947,7kfV7yUpRoqHPysjCsmdGHXbUmES49q8nRgwBsh4NbH2,HLwEJQVzs7SvjXuXpBTRHaLp5S6uWoWTUhLjJxBfy1c7,,,,,,,,,,,,,,,,,,,,,,,,,,,,,,,,,Hunter Biden's Laptop,,,,,,,,,,,,,,,,,,,,,,,,,,,,,,,,,LAPTOP,,,,,,,,,,,,,,,,,,,,,,,,,,,,,,,,,ray_swap_buy,,,,,,,,,,,,,,,,,,,,,,,,,,,,,,,,,96300000,,,,,,,,,,,,,,,,,,,,,,,,,,,,,,,,,88848305,,,,,,,,,,,,,,,,,,,,,,,,,,,,,,,,,66402a3597223833b601416c,,,,,,,,,,,,,,,,,,,,,,,,,,,,,,,,,13
661fadd94888ae07deaa5dec,438012541,AbTXVKpyKYXKS6W78pQteBuHxjcacky35nMu7QK58N9Y,A2Rj7qsfYjEtSBNaRwFiRWUrjpHnLX5xKnjFbm9XvsK2,,,,,,,,,,,,,,,,,,,,,,,,,,,,,,,,,Snockers,,,,,,,,,,,,,,,,,,,,,,,,,,,,,,,,,Snockers,,,,,,,,,,,,,,,,,,,,,,,,,,,,,,,,,ray_swap_buy,,,,,,,,,,,,,,,,,,,,,,,,,,,,,,,,,10000000,,,,,,,,,,,,,,,,,,,,,,,,,,,,,,,,,39862515349305,,,,,,,,,,,,,,,,,,,,,,,,,,,,,,,,,661fadd94888ae07deaa5ded,,,,,,,,,,,,,,,,,,,,,,,,,,,,,,,,,0
662130878f4413956b56c2ca,6200621891,DRa95MCtsHZsqRy8tk3hQzhJRof4S5CZPrufVrDuyYVN,4hw1dhVQA1iveLfnVzGxRnWZKsuuBUv3XzjftGRuRmJf,,,,,,,,,,,,,,,,,,,,,,,,,,,,,,,,,cam,,,,,,,,,,,,,,,,,,,,,,,,,,,,,,,,,cam,,,,,,,,,,,,,,,,,,,,,,,,,,,,,,,,,ray_swap_buy,,,,,,,,,,,,,,,,,,,,,,,,,,,,,,,,,2000000000,,,,,,,,,,,,,,,,,,,,,,,,,,,,,,,,,18968075988583412,,,,,,,,,,,,,,,,,,,,,,,,,,,,,,,,,66280b6b83b8cd7c32fb05c5,,,,,,,,,,,,,,,,,,,,,,,,,,,,,,,,,5
662251b6eeca18ee05343f4b,1843525807,8dRPcje37tFk4KesyzasspkcSZLNjManVMTawj6kqFjN,FZP1muRBmSvbmoeo5tGGeLNUX3Fo4QXTPXQBx4csH6VZ,FAB1Sckg7bpojKZd1wHtG7qi31jgzbeLoJKsFYXkFCax,E4YQ7Gzej3mKqkgquiBZckZt5rZVvW28nNcCwqA46mRQ,4S8zPgY5gKb7zc62ahzb5pVwbetvQbjZ4sCbbt6eF25R,Gz8YUFASmpVDyB5MVTAvaampn78G59NSGboCP7X7vWzv,4R4jNxjLLZJqfE61Wv48fkP3JccJmx42sK9JnrRjiQp7,xQGnVFDPtNEVyyhma1yvge7Uxo3MhqJJowD6m1YLkHj,BLKdqx6YV7UWfZv3TVWZBEzmp7jREN4RTAhBqz1bS3LP,sxdzQ1jAdcP9Y1cDjxiVDvyYNxuZQk1bWTmZ2C3sCbS,Dc9D3ae71XqZ6SBqhUMKH3MDgKeVmCHEmWncAmSLWDA8,DwbnxnELvcTXAC1QJkEARxq7CjALWqWGW4xQAbjsrf2G,D5ecHAsXcJYFTcWJSSCMX18gQfyaPe89PHjXARcZ3WYZ,6aZEhyJx9yKe4Scrn4pEorny1dfuZ4R9gRQ2J1TGhrUD,3vZpjFnU1fv4JCKV35jmN6EMxAEpBVGTitCdhJTL74Sq,GRC4bjbWaXFRYCU9thvAaTLCZpxaexw3iCQMSJP99bAy,BeBXyyhvobHEvHeuq1772opag8TicXywDGpGDRaqiHWb,Bu3v5zr3VBE7pzgKx72eyeBkwdKbaeVS4HtssiBSSSye,,,,,,,,,,,,,,,,,BitKuin,Whiff,Cannabis AI,CipherCoin,catato,Pandu,Whiskers,Panama Canal,dogwifshirt,Coolman's Universe,cici good boy,Oldest living cat,Gummy's Girlfriend,Nigga Cubed,ZAGO,Ajeet,Yes Man,,,,,,,,,,,,,,,,,BTK,Whiff,WEEDGPT,CPHR,CATATO,PANDU,MILOW,PC,SHIRT,COOL,CGB,Flossie,GUMMIA,N¬≥,ZAGO,AJEET,YESMAN,,,,,,,,,,,,,,,,,ray_swap_buy,ray_swap_buy,ray_swap_buy,ray_swap_buy,ray_swap_buy,ray_swap_buy,ray_swap_buy,ray_swap_sell,ray_swap_buy,ray_swap_sell,ray_swap_buy,ray_swap_buy,ray_swap_sell,ray_swap_buy,ray_swap_buy,ray_swap_buy,ray_swap_buy,,,,,,,,,,,,,,,,,10000000,5000000,10000000,30000000,20000000,30000000,20000000,3995329,40000000,19729920,5000000,110000000,119263967,280000000,30000000,10000000,10000000,,,,,,,,,,,,,,,,,13423806370,34885263083,2283771506372111,11793876428,4346527849946,3572203535,16984522687,15274078050,141467019018,1,6112807440,5291570055,5109818303144,1604796919142,2530709299145,113674428957733,61778919096,,,,,,,,,,,,,,,,,66225243eeca18ee05343f56,66225576eeca18ee05343f69,66254f7dd41c68841a1fe4df,66255135d41c68841a1fe50e,66265c909d61df61dee7b912,66281858cf383b8aff39f0ee,6629510ccf383b8aff3a06f1,662b8250da7b6280bd86a006,662ce27d9d2a542257446779,662d3837ba8b10c0d83126ca,6633d9011859b2f7ad912830,66350fe75f8f4c37e13ec0ae,663a395e97223833b600238f,6637036737484291b1a55b08,663790ed37484291b1a56e6d,663ba57597223833b6008100,663bd19897223833b600851c,,,,,,,,,,,,,,,,,103
66228af7eeca18ee05344220,683804323,DCzxihFcC3CqAeNdtXmW8F8hD4gDJtQBwxFMkFqg3bYz,,,,,,,,,,,,,,,,,,,,,,,,,,,,,,,,,,,,,,,,,,,,,,,,,,,,,,,,,,,,,,,,,,,,,,,,,,,,,,,,,,,,,,,,,,,,,,,,,,,,,,,,,,,,,,,,,,,,,,,,,,,,,,,,,,,,,,,,,,,,,,,,,,,,,,,,,,,,,,,,,,,,,,,,,,,,,,,,,,,,,,,,,,,,,,,,,,,,,,,,,,,,,,,,,,,,,,,,,,,,,,,,,,,,,,,,8
66229e26eeca18ee053442c9,116434601,FjeaZtDjSwoSKw2BAxgcrrQWbTh9gqBHHUJx2nUotiCT,522groG4xSkpqG372vatjyrbon8HfqrPjNd3oPNZiL23,5cgtZynhUsNPZ4MRiFLxbRPccdUpDi7MyHrUraVyAobm,,,,,,,,,,,,,,,,,,,,,,,,,,,,,,,,dukke,HALVING INU,,,,,,,,,,,,,,,,,,,,,,,,,,,,,,,,dukk,HALVING,,,,,,,,,,,,,,,,,,,,,,,,,,,,,,,,ray_swap_sell,ray_swap_buy,,,,,,,,,,,,,,,,,,,,,,,,,,,,,,,,0,20000000,,,,,,,,,,,,,,,,,,,,,,,,,,,,,,,,0,0,,,,,,,,,,,,,,,,,,,,,,,,,,,,,,,,6622a0c9eeca18ee053442da,6622a303eeca18ee053442fa,,,,,,,,,,,,,,,,,,,,,,,,,,,,,,,,1
6622ade4eeca18ee053443e7,5549858120,53BzxVC27a3ov7UxWPBX7gEv2fNWVvTiTGahpUTbUdeb,,,,,,,,,,,,,,,,,,,,,,,,,,,,,,,,,,,,,,,,,,,,,,,,,,,,,,,,,,,,,,,,,,,,,,,,,,,,,,,,,,,,,,,,,,,,,,,,,,,,,,,,,,,,,,,,,,,,,,,,,,,,,,,,,,,,,,,,,,,,,,,,,,,,,,,,,,,,,,,,,,,,,,,,,,,,,,,,,,,,,,,,,,,,,,,,,,,,,,,,,,,,,,,,,,,,,,,,,,,,,,,,,,,,,,,,0
6622d3a3eeca18ee05344638,5194038150,AL9oUEfTX1HxbBfNKauvxVJMb8ZQPsivDze886eCB2Cm,,,,,,,,,,,,,,,,,,,,,,,,,,,,,,,,,,,,,,,,,,,,,,,,,,,,,,,,,,,,,,,,,,,,,,,,,,,,,,,,,,,,,,,,,,,,,,,,,,,,,,,,,,,,,,,,,,,,,,,,,,,,,,,,,,,,,,,,,,,,,,,,,,,,,,,,,,,,,,,,,,,,,,,,,,,,,,,,,,,,,,,,,,,,,,,,,,,,,,,,,,,,,,,,,,,,,,,,,,,,,,,,,,,,,,,,24
66234259eeca18ee05344833,1239611702,FxbvfmajRhq4Q91vhjhwqWH6xaf1fKm7XfUdyXmqgq6j,,,,,,,,,,,,,,,,,,,,,,,,,,,,,,,,,,,,,,,,,,,,,,,,,,,,,,,,,,,,,,,,,,,,,,,,,,,,,,,,,,,,,,,,,,,,,,,,,,,,,,,,,,,,,,,,,,,,,,,,,,,,,,,,,,,,,,,,,,,,,,,,,,,,,,,,,,,,,,,,,,,,,,,,,,,,,,,,,,,,,,,,,,,,,,,,,,,,,,,,,,,,,,,,,,,,,,,,,,,,,,,,,,,,,,,,5
6623fbf6eeca18ee05345441,6722011748,GqcWBrAdmx5dkigxisJWBDCusiKcJNNQ7t6DajHnhSnT,,,,,,,,,,,,,,,,,,,,,,,,,,,,,,,,,,,,,,,,,,,,,,,,,,,,,,,,,,,,,,,,,,,,,,,,,,,,,,,,,,,,,,,,,,,,,,,,,,,,,,,,,,,,,,,,,,,,,,,,,,,,,,,,,,,,,,,,,,,,,,,,,,,,,,,,,,,,,,,,,,,,,,,,,,,,,,,,,,,,,,,,,,,,,,,,,,,,,,,,,,,,,,,,,,,,,,,,,,,,,,,,,,,,,,,,2
66241903d41c68841a1fd60b,503538098,3UsTseX8DgL8WHsJmrih1PkyNMFFVXsvYKyCh8ykfaeX,HEdr1axLmgev4fyvgHrTu21wsntX115LEGGAqoajA6vZ,7KNphPB6RMyUUN7Q57wwGuPWEDhZn6Qe7drka8LYmFfw,,,,,,,,,,,,,,,,,,,,,,,,,,,,,,,,KIM YONG EN,Big Chungus,,,,,,,,,,,,,,,,,,,,,,,,,,,,,,,,RMK,CHUNG,,,,,,,,,,,,,,,,,,,,,,,,,,,,,,,,ray_swap_sell,ray_swap_sell,,,,,,,,,,,,,,,,,,,,,,,,,,,,,,,,0,0,,,,,,,,,,,,,,,,,,,,,,,,,,,,,,,,0,0,,,,,,,,,,,,,,,,,,,,,,,,,,,,,,,,662801a683b8cd7c32fb04cb,662807b083b8cd7c32fb0596,,,,,,,,,,,,,,,,,,,,,,,,,,,,,,,,3
66241e2ad41c68841a1fd697,6952221343,Aw9x52PknsMkKS2QZ56p6i6nQEddcunZVJeRxtKQ5yPa,,,,,,,,,,,,,,,,,,,,,,,,,,,,,,,,,,,,,,,,,,,,,,,,,,,,,,,,,,,,,,,,,,,,,,,,,,,,,,,,,,,,,,,,,,,,,,,,,,,,,,,,,,,,,,,,,,,,,,,,,,,,,,,,,,,,,,,,,,,,,,,,,,,,,,,,,,,,,,,,,,,,,,,,,,,,,,,,,,,,,,,,,,,,,,,,,,,,,,,,,,,,,,,,,,,,,,,,,,,,,,,,,,,,,,,,9
66242e21d41c68841a1fd7b2,1639810987,hrGFBQuSn6fezR7AbTSoComZ83xoYtLmRMGhkVgYUMt,CPrC6YGJ1HF37EwheE5Zz1a2jDsF3H4tQw9rLFDpeqEH,4hw1dhVQA1iveLfnVzGxRnWZKsuuBUv3XzjftGRuRmJf,,,,,,,,,,,,,,,,,,,,,,,,,,,,,,,,Rubik's Cube,cam,,,,,,,,,,,,,,,,,,,,,,,,,,,,,,,,CUBE,cam,,,,,,,,,,,,,,,,,,,,,,,,,,,,,,,,ray_swap_buy,ray_swap_buy,,,,,,,,,,,,,,,,,,,,,,,,,,,,,,,,1000000,20000000,,,,,,,,,,,,,,,,,,,,,,,,,,,,,,,,2223112925354,624733276106723,,,,,,,,,,,,,,,,,,,,,,,,,,,,,,,,6624bca0d41c68841a1fd9b6,66358ec437484291b1a4d352,,,,,,,,,,,,,,,,,,,,,,,,,,,,,,,,4
6624e47dd41c68841a1fdcc5,5931568129,6XsSBUF2zTzf83TkmPTTMtJe6WsRuUk7YosNGAJxsbXh,GUUGcvkBXrdJpLyR5hcVGwB9vCg6s4k5LCbRYAioUQ8M,HJbZodDmrnR6AqC4JTatcAhGB5VbZBRhRH6H9FXxxSWF,,,,,,,,,,,,,,,,,,,,,,,,,,,,,,,,Mohci,SHOOP DA BOOP,,,,,,,,,,,,,,,,,,,,,,,,,,,,,,,,Mohci,BOOP,,,,,,,,,,,,,,,,,,,,,,,,,,,,,,,,ray_swap_buy,ray_swap_buy,,,,,,,,,,,,,,,,,,,,,,,,,,,,,,,,30000000,20000000,,,,,,,,,,,,,,,,,,,,,,,,,,,,,,,,118736806,1424153996254,,,,,,,,,,,,,,,,,,,,,,,,,,,,,,,,6624e47dd41c68841a1fdcc6,6624ea38d41c68841a1fdd4a,,,,,,,,,,,,,,,,,,,,,,,,,,,,,,,,1
66252f63d41c68841a1fe13d,18503672,5428oMbXdDf86yQhKSm4jZ66RJzsSpwppC8mwe2MZ6b2,4hw1dhVQA1iveLfnVzGxRnWZKsuuBUv3XzjftGRuRmJf,,,,,,,,,,,,,,,,,,,,,,,,,,,,,,,,,cam,,,,,,,,,,,,,,,,,,,,,,,,,,,,,,,,,cam,,,,,,,,,,,,,,,,,,,,,,,,,,,,,,,,,ray_swap_buy,,,,,,,,,,,,,,,,,,,,,,,,,,,,,,,,,6000000000,,,,,,,,,,,,,,,,,,,,,,,,,,,,,,,,,84668961875551520,,,,,,,,,,,,,,,,,,,,,,,,,,,,,,,,,663bf70497223833b60087d6,,,,,,,,,,,,,,,,,,,,,,,,,,,,,,,,,4
66257cfd6a8f41c2d788e1f2,7128309308,8sPvhz5G6yfRcBd64XU2c9Pe59gwTMJDU8NfJkq3YcRq,Bywps61niJsWuGTKMgMnxi1GPGVTfs5cch7eq744F1Xg,EVu4CG9cpX9jx1E3BPnAEryi3k3ESCM3znKjUdmU99Ko,3vZpjFnU1fv4JCKV35jmN6EMxAEpBVGTitCdhJTL74Sq,3QYJmHnqyYt3EJReYSiQsP2gBhpx7FZCpPbMcXitFNbu,6uNaoWo1zov9ikmRtMhmDYvWKTuKzLCyXZVWqDteEsdM,DMextNYu115Q6SuQXDjGUUaHST16scByXuxwKZJ68sZo,,,,,,,,,,,,,,,,,,,,,,,,,,,,Turtle,SolBeam,Nigga Cubed,Cat of Duty,Planet Of The Apes,onie [On„Å°„ÇÉ„Çì],,,,,,,,,,,,,,,,,,,,,,,,,,,,üê¢,SOLBEAM,N¬≥,COD,APES,onie,,,,,,,,,,,,,,,,,,,,,,,,,,,,ray_swap_buy,ray_swap_buy,ray_swap_buy,ray_swap_buy,ray_swap_buy,ray_swap_sell,,,,,,,,,,,,,,,,,,,,,,,,,,,,2000000,20000000,1000000,5000000,5000000,0,,,,,,,,,,,,,,,,,,,,,,,,,,,,2218879696802,13524072215094,2820522887,10847149771,2007994060,0,,,,,,,,,,,,,,,,,,,,,,,,,,,,66259e199d61df61dee7b0b6,662983dbf426a312040257e5,6636a13737484291b1a52da9,6637fe6f37484291b1a5916d,663aa0de97223833b6005850,663aa7ab97223833b6005b70,,,,,,,,,,,,,,,,,,,,,,,,,,,,14
6627839654490b69583af761,1876150056,CqV6Q1WC34eebuVSLLzEUso4CxJBKYPdLBwH5AbE3ugF,,,,,,,,,,,,,,,,,,,,,,,,,,,,,,,,,,,,,,,,,,,,,,,,,,,,,,,,,,,,,,,,,,,,,,,,,,,,,,,,,,,,,,,,,,,,,,,,,,,,,,,,,,,,,,,,,,,,,,,,,,,,,,,,,,,,,,,,,,,,,,,,,,,,,,,,,,,,,,,,,,,,,,,,,,,,,,,,,,,,,,,,,,,,,,,,,,,,,,,,,,,,,,,,,,,,,,,,,,,,,,,,,,,,,,,,1
6627dfc0835c3f963e0acf7e,1170643259,8GL3zJe3kWAYA4KqUWTuiAvpmHeSfZodcSUYixxZRh57,GBttBgqxDbFsaH2cJr2ApaoJgWmzuHf9J9B6pQveBkJz,,,,,,,,,,,,,,,,,,,,,,,,,,,,,,,,,thug,,,,,,,,,,,,,,,,,,,,,,,,,,,,,,,,,$THUG,,,,,,,,,,,,,,,,,,,,,,,,,,,,,,,,,ray_swap_buy,,,,,,,,,,,,,,,,,,,,,,,,,,,,,,,,,970000000,,,,,,,,,,,,,,,,,,,,,,,,,,,,,,,,,67279412660279,,,,,,,,,,,,,,,,,,,,,,,,,,,,,,,,,662963c4cf383b8aff3a07f6,,,,,,,,,,,,,,,,,,,,,,,,,,,,,,,,,0
66283ef0cf383b8aff39f4c0,7195973096,9TN4G1VdCspgeeKaFAo3nxsCMcyT1QxiBePEhmPrLeg2,Hz7JZ59zUUikEot5NxSAN8F9qoGQJ55ft8xDA8hZ81JC,4B1mJuwEcPJF6Rd82WmQnVVPjwDu9TEfVmZnuw9PTQgf,,,,,,,,,,,,,,,,,,,,,,,,,,,,,,,,CyberNova,DragonGold,,,,,,,,,,,,,,,,,,,,,,,,,,,,,,,,CNOVA,DRG,,,,,,,,,,,,,,,,,,,,,,,,,,,,,,,,ray_swap_sell,ray_swap_buy,,,,,,,,,,,,,,,,,,,,,,,,,,,,,,,,41485954,5000000,,,,,,,,,,,,,,,,,,,,,,,,,,,,,,,,256,1354454946,,,,,,,,,,,,,,,,,,,,,,,,,,,,,,,,66283fa6cf383b8aff39f4db,662846accf383b8aff39f59d,,,,,,,,,,,,,,,,,,,,,,,,,,,,,,,,13
66288c17cf383b8aff39fd5f,575075089,EQMFZKtbEry8Bg9cL3qWxNwVwS3cbtCFtc5gJueH3RHk,DcXWJ9W9Gpyi8r78NfiobTZtUh3kY2Xd29WiGXvc95bo,262fTkDdF8XXaC81w7s9qidhXCaXwhLMG9dSr8UxRzqS,GfSSspRS3iAACDZkGMxJkH8RxQisJu5CGhJNPk3FxjZV,BLYPjeGCdxCCyQR87w9fjQ7vTuPHkHac8czumQmAvKbb,Gi3XFYLBxzAAqgC6BktK7qpsfrKNLQqgaix2VvcvV9Zb,,,,,,,,,,,,,,,,,,,,,,,,,,,,,Funny Cat,RunCat,Zenazullo,Ansem's Phone Number,Cats Rule Everything Around Me,,,,,,,,,,,,,,,,,,,,,,,,,,,,,FC,RC,ZULLO,3027470556,CREAM,,,,,,,,,,,,,,,,,,,,,,,,,,,,,ray_swap_buy,ray_swap_buy,ray_swap_buy,ray_swap_buy,ray_swap_buy,,,,,,,,,,,,,,,,,,,,,,,,,,,,,190000000,500000000,500000000,300000000,10000000,,,,,,,,,,,,,,,,,,,,,,,,,,,,,56519546197,12990708211656,616950218,178737650951,7973000610,,,,,,,,,,,,,,,,,,,,,,,,,,,,,66288c76cf383b8aff39fd6f,662d1f559d2a542257446b1a,662d7e0b703deb2a08ca5a9e,662de005703deb2a08ca6705,6636c2cd37484291b1a53ca9,,,,,,,,,,,,,,,,,,,,,,,,,,,,,11
66290749cf383b8aff3a02b3,1395078023,Cr6aXWNnVbicVqKxYby4o8b1dSAxQFJm1fv3zw8L2hJi,6hCsDrxJFgrRQb5QnQhYr35yPbcJ1z7by1pXfa5zm7PM,,,,,,,,,,,,,,,,,,,,,,,,,,,,,,,,,Fisher the cat,,,,,,,,,,,,,,,,,,,,,,,,,,,,,,,,,FISHER,,,,,,,,,,,,,,,,,,,,,,,,,,,,,,,,,ray_swap_sell,,,,,,,,,,,,,,,,,,,,,,,,,,,,,,,,,0,,,,,,,,,,,,,,,,,,,,,,,,,,,,,,,,,0,,,,,,,,,,,,,,,,,,,,,,,,,,,,,,,,,6629077ecf383b8aff3a02c2,,,,,,,,,,,,,,,,,,,,,,,,,,,,,,,,,0
662a335bda7b6280bd867646,815372572,C8xJ6vgXDZs9EHS2ryaBcSoS1JADxARE14Qyb1URPyFF,,,,,,,,,,,,,,,,,,,,,,,,,,,,,,,,,,,,,,,,,,,,,,,,,,,,,,,,,,,,,,,,,,,,,,,,,,,,,,,,,,,,,,,,,,,,,,,,,,,,,,,,,,,,,,,,,,,,,,,,,,,,,,,,,,,,,,,,,,,,,,,,,,,,,,,,,,,,,,,,,,,,,,,,,,,,,,,,,,,,,,,,,,,,,,,,,,,,,,,,,,,,,,,,,,,,,,,,,,,,,,,,,,,,,,,,3
662aad2ada7b6280bd868df8,7031707192,8Vju3aCL9BYMkUXUxhGAAg5zPuqbJL4DQQuiD4V36dsn,,,,,,,,,,,,,,,,,,,,,,,,,,,,,,,,,,,,,,,,,,,,,,,,,,,,,,,,,,,,,,,,,,,,,,,,,,,,,,,,,,,,,,,,,,,,,,,,,,,,,,,,,,,,,,,,,,,,,,,,,,,,,,,,,,,,,,,,,,,,,,,,,,,,,,,,,,,,,,,,,,,,,,,,,,,,,,,,,,,,,,,,,,,,,,,,,,,,,,,,,,,,,,,,,,,,,,,,,,,,,,,,,,,,,,,,9
662c9b619d2a5422574462b3,1063433796,Au4zynV4m1XABDHj5S4ysed3iLAKyvCrxYmnJb4KLL6D,DuPpY44vJsBkVaV9nNzi8jkfXs3JiA7Fhg4E3WkGKeyR,CoRkC3r6MqYuTeMRc7D8JJF7UiUyFWurXGpYy1xQATNq,FGf1Us3kqu9AXu2x1yWKfiKE8uSx42ACvRiUrbuAodzq,25hAyBQfoDhfWx9ay6rarbgvWGwDdNqcHsXS3jQ3mTDJ,89KX9c3rNoW5sVnwMQvPPFgYKxpABupCSqXUtB1CW5J2,3SjqP42n3VtELRHwNXRJPAWMZYQkeHVnoSLq9waZuqgY,,,,,,,,,,,,,,,,,,,,,,,,,,,,DuppyFi,$FLUFF,CatGPT,MANEKI,Casino of Memes,KURONEKO CAT,,,,,,,,,,,,,,,,,,,,,,,,,,,,DUPPY,$FLUFF,CatGPT,MANEKI,COME,KURO,,,,,,,,,,,,,,,,,,,,,,,,,,,,ray_swap_sell,ray_swap_buy,ray_swap_buy,ray_swap_buy,ray_swap_buy,ray_swap_buy,,,,,,,,,,,,,,,,,,,,,,,,,,,,9999690,120000000,200000000,250000000,130000000,12000000,,,,,,,,,,,,,,,,,,,,,,,,,,,,1,363315213310,10463139802899,225426683,38835451258,10403005550,,,,,,,,,,,,,,,,,,,,,,,,,,,,662ccc439d2a5422574465ca,662cb96f9d2a5422574463fb,662de2b9703deb2a08ca6740,662e301a703deb2a08ca6b91,662f3affa5c38ef94fe450f1,662f4e82a5c38ef94fe45150,,,,,,,,,,,,,,,,,,,,,,,,,,,,9
662cf1599d2a542257446869,141970094,6JDGsJEKdc7ohMP2E9ykTorMdfC8hin3vKML5VSXN6fz,GxojtGb9BMitaKSzJVHcB5XkZHc7E7swSRy9ZwxUxza1,,,,,,,,,,,,,,,,,,,,,,,,,,,,,,,,,Andy,,,,,,,,,,,,,,,,,,,,,,,,,,,,,,,,,ANDY,,,,,,,,,,,,,,,,,,,,,,,,,,,,,,,,,ray_swap_sell,,,,,,,,,,,,,,,,,,,,,,,,,,,,,,,,,0,,,,,,,,,,,,,,,,,,,,,,,,,,,,,,,,,0,,,,,,,,,,,,,,,,,,,,,,,,,,,,,,,,,662e4205703deb2a08ca6e14,,,,,,,,,,,,,,,,,,,,,,,,,,,,,,,,,3
662d6e54703deb2a08ca5616,564877831,EseWhAjLeAJcEUE3FqRHXgixF3XH9HVvLxUUx3RaTWaK,4z4YuQF47TmGhxjvQfFUhbeeA9cp9aWPyJiwpmxB5fip,,,,,,,,,,,,,,,,,,,,,,,,,,,,,,,,,Four Months CZ,,,,,,,,,,,,,,,,,,,,,,,,,,,,,,,,,FOMO,,,,,,,,,,,,,,,,,,,,,,,,,,,,,,,,,ray_swap_buy,,,,,,,,,,,,,,,,,,,,,,,,,,,,,,,,,30000000,,,,,,,,,,,,,,,,,,,,,,,,,,,,,,,,,454329850607,,,,,,,,,,,,,,,,,,,,,,,,,,,,,,,,,6632f8cd6fd364410865e1ca,,,,,,,,,,,,,,,,,,,,,,,,,,,,,,,,,24
662d7502703deb2a08ca5711,500149542,Cm5jj7TePwXQJSeHMBYAG4qADB7rVkNznPBz9DJSnLyC,CkSFj9MNEfWffXPuJxfcWRWdqHYUMAcvuUdJ7muSLCKJ,FeKmTunVrXDKEoDJbuTwZi8vfFFw3MHzpPB79JD8ARYU,,,,,,,,,,,,,,,,,,,,,,,,,,,,,,,,DogeBoy,777FuckIlluminatiWorldwide,,,,,,,,,,,,,,,,,,,,,,,,,,,,,,,,DOGB,FIW,,,,,,,,,,,,,,,,,,,,,,,,,,,,,,,,ray_swap_buy,ray_swap_buy,,,,,,,,,,,,,,,,,,,,,,,,,,,,,,,,50000000,140000000,,,,,,,,,,,,,,,,,,,,,,,,,,,,,,,,429781991507,7434778326,,,,,,,,,,,,,,,,,,,,,,,,,,,,,,,,663fd5b097223833b6013368,6640031597223833b6013d5d,,,,,,,,,,,,,,,,,,,,,,,,,,,,,,,,4
662d9911703deb2a08ca6346,2128939252,3Ux2fS8zZXN1pGtb3pQFJ6nYz5QyFkbEmvUw12ziQeiB,63DhZVfYy2t8mDpAo3Tsb7zK2hE6tCVuqoDZ8hUV8YaZ,D1qQSEBropPHtQza4QN813WNr9pHHQzpZaxjjC7DFAeE,J8fCqgDvdeCF5vC2i1ZjRsoWhKRoixaFWfuj12MzTLNC,,,,,,,,,,,,,,,,,,,,,,,,,,,,,,,Finny,Book Of Pumpfluencers,GaemStap,,,,,,,,,,,,,,,,,,,,,,,,,,,,,,,FINNY,BOPI,GME,,,,,,,,,,,,,,,,,,,,,,,,,,,,,,,ray_swap_buy,ray_swap_buy,ray_swap_buy,,,,,,,,,,,,,,,,,,,,,,,,,,,,,,,30000000,40000000,60000000,,,,,,,,,,,,,,,,,,,,,,,,,,,,,,,18089154,2264815594,11886770639,,,,,,,,,,,,,,,,,,,,,,,,,,,,,,,66302145a5c38ef94fe4712a,6635760b37484291b1a4cc4e,6642541997223833b6016f21,,,,,,,,,,,,,,,,,,,,,,,,,,,,,,,12
662dec98703deb2a08ca67a5,866199057,5RAqo6mPqKwB69K3JyVAWR5ifKXDz8WFAm7rgFCc1DX9,4hw1dhVQA1iveLfnVzGxRnWZKsuuBUv3XzjftGRuRmJf,,,,,,,,,,,,,,,,,,,,,,,,,,,,,,,,,cam,,,,,,,,,,,,,,,,,,,,,,,,,,,,,,,,,cam,,,,,,,,,,,,,,,,,,,,,,,,,,,,,,,,,ray_swap_buy,,,,,,,,,,,,,,,,,,,,,,,,,,,,,,,,,797127902,,,,,,,,,,,,,,,,,,,,,,,,,,,,,,,,,15613201660567648,,,,,,,,,,,,,,,,,,,,,,,,,,,,,,,,,663d156397223833b6009a7c,,,,,,,,,,,,,,,,,,,,,,,,,,,,,,,,,0
662e881f703deb2a08ca7a4d,1071482653,BGMZMTC8KD6NjG8jtzcMS7afNEbeHzhnDHHWgp6rCe35,G7FgQqS6FTFE3GJTtRYNM6zVB3bdFqnWzHtUNdEjUrgg,,,,,,,,,,,,,,,,,,,,,,,,,,,,,,,,,Pefferfish,,,,,,,,,,,,,,,,,,,,,,,,,,,,,,,,,PEFF,,,,,,,,,,,,,,,,,,,,,,,,,,,,,,,,,ray_swap_sell,,,,,,,,,,,,,,,,,,,,,,,,,,,,,,,,,0,,,,,,,,,,,,,,,,,,,,,,,,,,,,,,,,,0,,,,,,,,,,,,,,,,,,,,,,,,,,,,,,,,,662fcb62a5c38ef94fe45adb,,,,,,,,,,,,,,,,,,,,,,,,,,,,,,,,,1
662e895a703deb2a08ca7aa6,1229523358,GGrr6NhfCZRgbEQeh9fVieAoQzx2wN7rMbXrEXbnhXPY,HbHKTB32aPg3KQVBJ12WtBvsrVtw4PgjUn2jwEHoT23u,HfXLMuSCHvsuYHRLekyW88oiz1LJvRerKh4QH1y5f8xk,73Czw86oGKqeVfnMJzxd5MWJXhcnAHxNH6gkjyaqg9bL,7GCihgDB8fe6KNjn2MYtkzZcRjQy3t9GHdC8uHYmW2hr,GcGxbb1yAnzHhT7pwMHyTxtFVRDeb7iy6ky2RaSHmzVM,,,,,,,,,,,,,,,,,,,,,,,,,,,,,CHATJEETPT,chibi,EDGE,POPCAT,H2OCAT,,,,,,,,,,,,,,,,,,,,,,,,,,,,,JEETPT,chibi,EDGE,POPCAT,H2OCAT,,,,,,,,,,,,,,,,,,,,,,,,,,,,,ray_swap_buy,ray_swap_sell,ray_swap_buy,ray_swap_buy,ray_swap_buy,,,,,,,,,,,,,,,,,,,,,,,,,,,,,150000000,14371211,100000000,300000000,150000000,,,,,,,,,,,,,,,,,,,,,,,,,,,,,75485428722,1562831165,37083484156,83091596953,268438424855,,,,,,,,,,,,,,,,,,,,,,,,,,,,,662e895a703deb2a08ca7aa7,66374f8237484291b1a56125,66388b7797223833b6ffe917,663deaa397223833b600c960,663e779597223833b600df8e,,,,,,,,,,,,,,,,,,,,,,,,,,,,,7
66308a2aa5c38ef94fe474c4,1849348465,6QCuFF5pYXrNDnP63bSrKpEuagRBUt32DABiZWxQPEpK,,,,,,,,,,,,,,,,,,,,,,,,,,,,,,,,,,,,,,,,,,,,,,,,,,,,,,,,,,,,,,,,,,,,,,,,,,,,,,,,,,,,,,,,,,,,,,,,,,,,,,,,,,,,,,,,,,,,,,,,,,,,,,,,,,,,,,,,,,,,,,,,,,,,,,,,,,,,,,,,,,,,,,,,,,,,,,,,,,,,,,,,,,,,,,,,,,,,,,,,,,,,,,,,,,,,,,,,,,,,,,,,,,,,,,,,0
663137aca5c38ef94fe47e8d,6927392029,ETvR77bVxXKqbWzitJuNEuSdtr38QJ8jqxx8gZLr3yzi,,,,,,,,,,,,,,,,,,,,,,,,,,,,,,,,,,,,,,,,,,,,,,,,,,,,,,,,,,,,,,,,,,,,,,,,,,,,,,,,,,,,,,,,,,,,,,,,,,,,,,,,,,,,,,,,,,,,,,,,,,,,,,,,,,,,,,,,,,,,,,,,,,,,,,,,,,,,,,,,,,,,,,,,,,,,,,,,,,,,,,,,,,,,,,,,,,,,,,,,,,,,,,,,,,,,,,,,,,,,,,,,,,,,,,,,1
6631426ba5c38ef94fe47f20,7036375950,FXGRKsFfrMYbvVpkAtduh89AakL1NxSoPDSd2XFVBjDE,92L4LM2NFEPAua14bYdwYxSmK2f9cwbdE2zomFJDWJgv,FyFBnrafgtPMWvgbqMXKSJTE1rNT23P9Tz5byQarLjys,LkYjUiv9hGK1YKc8vcLUj8rxhxHQrw8MhxWw6soR55x,,,,,,,,,,,,,,,,,,,,,,,,,,,,,,,"Hi, my name is bill",SEX-AI,Artemis,,,,,,,,,,,,,,,,,,,,,,,,,,,,,,,Bill ,SEXAI,ARTEMIS,,,,,,,,,,,,,,,,,,,,,,,,,,,,,,,ray_swap_buy,ray_swap_buy,ray_swap_buy,,,,,,,,,,,,,,,,,,,,,,,,,,,,,,,300000000,300000000,300000000,,,,,,,,,,,,,,,,,,,,,,,,,,,,,,,878394638574,4305999209066,761086528475,,,,,,,,,,,,,,,,,,,,,,,,,,,,,,,66315a96a5c38ef94fe48c70,66328de06fd364410865d46c,6633ddcb1859b2f7ad912897,,,,,,,,,,,,,,,,,,,,,,,,,,,,,,,10
6633e13c1859b2f7ad912bdf,6148676132,4R2LgWrPA4kyRpcf8QuSTNtVbCYVcLXyXvHHbm9Lk5so,8cG1JC9fCwpdZ9ofsEfhKJhBgKhzYCqnbbaKdC9RYw53,,,,,,,,,,,,,,,,,,,,,,,,,,,,,,,,,zazu,,,,,,,,,,,,,,,,,,,,,,,,,,,,,,,,,zazu,,,,,,,,,,,,,,,,,,,,,,,,,,,,,,,,,ray_swap_sell,,,,,,,,,,,,,,,,,,,,,,,,,,,,,,,,,0,,,,,,,,,,,,,,,,,,,,,,,,,,,,,,,,,0,,,,,,,,,,,,,,,,,,,,,,,,,,,,,,,,,6633e23a1859b2f7ad912cf0,,,,,,,,,,,,,,,,,,,,,,,,,,,,,,,,,0
6633e57e1859b2f7ad9131e3,2134287995,HNgcFiPthLMZX37JUezg8Dw1bnanpJu6k6sgYp2V8BXQ,marEroyfsJUuzHbfAmaY8Xyj8Qynt7b7AxaSmD6yiY8,9n2YPn8RMJi7AFcmrtkbkpCB9paUmModzZ587V564Mk9,,,,,,,,,,,,,,,,,,,,,,,,,,,,,,,,MARLBORO,Maocoinsol,,,,,,,,,,,,,,,,,,,,,,,,,,,,,,,,MARLBORO,Mao,,,,,,,,,,,,,,,,,,,,,,,,,,,,,,,,ray_swap_sell,ray_swap_sell,,,,,,,,,,,,,,,,,,,,,,,,,,,,,,,,0,0,,,,,,,,,,,,,,,,,,,,,,,,,,,,,,,,0,0,,,,,,,,,,,,,,,,,,,,,,,,,,,,,,,,6635417c37484291b1a4c083,663541f637484291b1a4c0a6,,,,,,,,,,,,,,,,,,,,,,,,,,,,,,,,7
66341284038c45e9e817aa60,1433330837,67JJNo4RDdQXGXTQoRdsHUDGdyxKMMZiqgNVdEBSwNBv,Fywokj1h3pKDhNUVXa86VNmHxaT3xKNU7iDTfWXJMiMp,2nfUq3sk4P2MKHduNM2h2Ruis2RqacV69t7n8MY7BMVR,3gAgA5gJ5jAZyMFDb8m1W8Lvs3bzxYjd5xsjrGVr1UoB,FJhwcq4zjbvcYDHtY3LVNeseL2KjgZo1FcVBLwyiBN6c,D1qQSEBropPHtQza4QN813WNr9pHHQzpZaxjjC7DFAeE,93SNHQijHydvRdL4eVvmQmStVHXZg5FGmuDPypzPYQmB,mP5gTRnPUvieL5G14B34HaWJxdQttdFLdDQvdT3bRgD,ATdRySpPNJ5RcMGzKUw53wKT9CUJ9DpjpGEkib3f4Qcd,2o6vk8fDNfUD69XgWgema32ah5nBgh3SDFSZi665AhLw,5bwg1JCvc7ixv8rZbnBs8ALqtgQBPKDwdYXY4C1xdxh,3F6MTLpyMsver4dQWQBjH1EcygwhoJvn1XRMcCCsgdxJ,B45QLZLZNwHo5ya5TQdjkE6A4xLCvNYvcRtjvFFZ9T72,A7C9tCbs8Yk4ReKVbfLowCR15crQpxbEqibYdVkauMXZ,9zaG2RTxa5U9FG3U2UFim7vi2QjfYJtGbvVwccePhFad,MAYo234xFJTWnbxzrmnkjj3wYi8zhpHRpKwyJk4reG2,73Czw86oGKqeVfnMJzxd5MWJXhcnAHxNH6gkjyaqg9bL,9MBzpyMRkj2r5nTQZMMnxnCm5j1MAAFSYUtbSKjAF3WU,26KMQVgDUoB6rEfnJ51yAABWWJND8uMtpnQgsHQ64Udr,CYNx7KdUwftToxuizaEo66w1UA1XVsaJBf7sdAyqcTCt,B7CM3A6TymyrJU2CyJ5n2jcRx16WiwRHCgWZADsf6zn3,AcFe2zFEXytsY9vWKwure83wKtrrbHdyucfiFjuTnjxK,CENsvXNbifrmq3TgteNKgW71HA2LrTP4NmeETWkpJLDt,6zePRLvWJEt3tkBUgXDDUuHuF783VZowGFvkhVc3rJBA,ATZx9JV2LiFCQeCDD4VvCRKHpyE1UwM9RJQMQaV7MS1h,2NbJdPEhVQUvXZo1UyLtq8eqzSWcxMTdgjqy38rPuKbW,EyVn9ZW86b7FMVThMPjswEjac3YqrLWkzeVZn3nRwt5c,5mbK36SZ7J19An8jFochhQS4of8g6BwUjbeCSxBSoWdp,DDGcYJkMMD1iiLRfPQLZePxLJCLDhiioQ83frmdAJd3h,9ZkFzhJmQKRcbTmDgxCBdAyaicBZpTUG7WgZ4uQZ5VD1,3wkeBMtqySbdhmh3aDQFb6xt5tjLFtDba8JhtzVwiRBb,HY897sJwaG6ubRn2zKeZ765sJ4Vh1qtwZb2AekHDgkYY,G8Vy25NzjRmuQtnN35xF7j3X2Z1TrV39XijZu8Mg4w8n,8wXtPeU6557ETkp9WHFY1n1EcU6NxDvbAggHGsMYiHsB,Mugi,dichi,THE BIGGEST CAT,BLUE PEPE,Book Of Pumpfluencers,PEPE STAR WARS,Spain,SOL300,mew the force be wif you,sissi,X-MUSK,doege,Spurtz Centor,CRANK MY HOG,Mayo Cat,EDGE,Zoomer,SAD HAMSTER,YANKEE,MasterCat,Duckers,FLYPEPE,Minecraft Cat,Apu Apustaja,Seoulana,KABAL,michi,TRUMPWIFHAT,Bored Pepe Yacht Club,HODL FOR 100X,BlackberryAMCNokiaGamestop,Let Him Cook,GameStop,mugi,$dichi,LIGER,BLUEPEPE,BOPI,PEPEWARS,SPAIN,SOL300,MEW4,sissi,XMUSK,DOEGE,SPORTS,CRANKIN,Mayo Cat,EDGE,ZOOMER,HAMMY,NOBRIM,MASTERCAT,DUCKERS,FLYPEPE,MINECAT,APU,Seoulana,KABAL,$michi,TRUMPWIF,BPYC,HODL,BANG,COOK,GME,ray_swap_buy,ray_swap_buy,ray_swap_buy,ray_swap_buy,ray_swap_buy,ray_swap_buy,ray_swap_buy,ray_swap_buy,ray_swap_buy,ray_swap_buy,ray_swap_buy,ray_swap_buy,ray_swap_buy,ray_swap_buy,ray_swap_sell,ray_swap_buy,ray_swap_buy,ray_swap_buy,ray_swap_buy,ray_swap_sell,ray_swap_buy,ray_swap_buy,ray_swap_buy,ray_swap_buy,ray_swap_buy,ray_swap_buy,ray_swap_buy,ray_swap_buy,ray_swap_buy,ray_swap_buy,ray_swap_buy,ray_swap_buy,ray_swap_buy,250000000,330000000,190000000,45000000,180000000,200000000,503000000,400000000,238956583,120000000,100000000,130000000,50000000,240000000,35548444,50000000,37000000,10000000,60000000,2052441565,137760469,100000000,101000000,100000000,100000000,33000000,353022618,60000000,30000000,150000000,50000000,100000000,60000000,1647860281064,2764830591053273,165205425920,109872351870428,8869954073,745637784950,637886429989,2529078756446,1916829562826674,276938248986,370183549802,5235670,9169352851644,93116500398796,1,11809076188,1679462713143,20479777,19716880048412,11696096458376,882252040411918,3489020457813738,73681143421361,3364640690931,230811771522,1590948329994,207079957,1891477468,157578311924,532959210472160,2593210975,53210072346,743381148276,6635814637484291b1a4d138,66341c63038c45e9e817c167,6635840837484291b1a4d1f5,663455e1b73abe914b8b6400,6635800f37484291b1a4d0de,6636296f37484291b1a4fe12,663656b237484291b1a50e48,6636473737484291b1a506e2,6636562b37484291b1a50dea,66367bf537484291b1a51d22,6636957737484291b1a52650,6636df2e37484291b1a544a9,6636e93337484291b1a54af0,6636ead237484291b1a54dc4,66385a3197223833b6ffe3f3,6638681b97223833b6ffe496,663986d997223833b6000367,663992c497223833b6000707,663a394e97223833b6002331,6642866997223833b6017a85,663aac7a97223833b6005c9e,663abf3e97223833b6006127,663ac5c997223833b60065b5,663ac15e97223833b600620d,663ac3cc97223833b6006477,663c510597223833b6008fde,6642870797223833b6017ae7,663d749697223833b600b741,6642403597223833b6016a2e,6642f16b97223833b6019350,6642ea1697223833b6018327,6642f29897223833b6019479,6642f50097223833b60196c4,55
6634e75e5f8f4c37e13eba0d,5645301168,Ab9GCze1RmFuEdCVjRyKGmSx8GPAKGdVcAxesfPCWRqW,,,,,,,,,,,,,,,,,,,,,,,,,,,,,,,,,,,,,,,,,,,,,,,,,,,,,,,,,,,,,,,,,,,,,,,,,,,,,,,,,,,,,,,,,,,,,,,,,,,,,,,,,,,,,,,,,,,,,,,,,,,,,,,,,,,,,,,,,,,,,,,,,,,,,,,,,,,,,,,,,,,,,,,,,,,,,,,,,,,,,,,,,,,,,,,,,,,,,,,,,,,,,,,,,,,,,,,,,,,,,,,,,,,,,,,,2
66351c6f5f8f4c37e13ec661,511809991,HbCYq999wSEEHobWBRFt4LFoox7FHVTk12RqKj8knaVm,GTstiezC9H89S69et5CAQ9mC8mmJCRXFLA5iDcLQKjbm,Ceq87t4JMdfD7SBQmGLJnupnLco4qGhVxaPXFdp6Paow,,,,,,,,,,,,,,,,,,,,,,,,,,,,,,,,IGOMEOW,Gamestop Wif Hat,,,,,,,,,,,,,,,,,,,,,,,,,,,,,,,,IGOMEOW,GMEWIFHAT,,,,,,,,,,,,,,,,,,,,,,,,,,,,,,,,ray_swap_sell,ray_swap_buy,,,,,,,,,,,,,,,,,,,,,,,,,,,,,,,,0,500000000,,,,,,,,,,,,,,,,,,,,,,,,,,,,,,,,0,1246215239387,,,,,,,,,,,,,,,,,,,,,,,,,,,,,,,,663c093497223833b6008971,6642452997223833b6016b01,,,,,,,,,,,,,,,,,,,,,,,,,,,,,,,,1
66351f1e5f8f4c37e13ec783,5479740373,4EZDyUcgMtexB8sLnH7aReVFRzxidx8zkBDVg6ZR3ZTP,2Dj6EHw6w4JU6ErdLK1eVXAw4iCxEgf9e1Yy9cBS8cka,GcGxbb1yAnzHhT7pwMHyTxtFVRDeb7iy6ky2RaSHmzVM,9fAMnrDgkP4WziKeX5wsh6XLMgrkypbE99YgdToh9GJ9,3rJ8ZGQL2HhsfFkGngJMduUxyfQkK2ZHMavQyiKv6i8p,,,,,,,,,,,,,,,,,,,,,,,,,,,,,,Internet Tough Guy,H2OCAT,WallStreetMonkey,Kevin from Pixelmon,,,,,,,,,,,,,,,,,,,,,,,,,,,,,,TOUGH,H2OCAT,STONKE,Kevin,,,,,,,,,,,,,,,,,,,,,,,,,,,,,,ray_swap_sell,ray_swap_sell,ray_swap_sell,ray_swap_sell,,,,,,,,,,,,,,,,,,,,,,,,,,,,,,0,0,0,0,,,,,,,,,,,,,,,,,,,,,,,,,,,,,,0,0,0,0,,,,,,,,,,,,,,,,,,,,,,,,,,,,,,6638615297223833b6ffe44f,663e85f397223833b600e569,6641ebe997223833b60152cc,6642179597223833b6015677,,,,,,,,,,,,,,,,,,,,,,,,,,,,,,4
6635483a37484291b1a4c16e,5860045045,C44ibjuJo38XsYC16CNkq3z1rnyo5mYNf5SLxa8J3koA,iirMsYRCrGS6ds3vckJ5NcgWGpdfZvC7PjJNf9D4CEt,,,,,,,,,,,,,,,,,,,,,,,,,,,,,,,,,goodgirl,,,,,,,,,,,,,,,,,,,,,,,,,,,,,,,,,$goodgirl,,,,,,,,,,,,,,,,,,,,,,,,,,,,,,,,,ray_swap_sell,,,,,,,,,,,,,,,,,,,,,,,,,,,,,,,,,0,,,,,,,,,,,,,,,,,,,,,,,,,,,,,,,,,0,,,,,,,,,,,,,,,,,,,,,,,,,,,,,,,,,6639d11897223833b6000d34,,,,,,,,,,,,,,,,,,,,,,,,,,,,,,,,,24
6635593e37484291b1a4c45e,5506814824,CV2zLVKba7Kc8MP24WVRnPMT1tShfTGhgpKrwRrvdZXL,CD89HbNr8R6iaB676tKWX3pDZTQcYeH2NX4Vk2BiNfkF,,,,,,,,,,,,,,,,,,,,,,,,,,,,,,,,,MexicanPepe,,,,,,,,,,,,,,,,,,,,,,,,,,,,,,,,,TACOOS,,,,,,,,,,,,,,,,,,,,,,,,,,,,,,,,,ray_swap_sell,,,,,,,,,,,,,,,,,,,,,,,,,,,,,,,,,0,,,,,,,,,,,,,,,,,,,,,,,,,,,,,,,,,0,,,,,,,,,,,,,,,,,,,,,,,,,,,,,,,,,6635598837484291b1a4c484,,,,,,,,,,,,,,,,,,,,,,,,,,,,,,,,,0
6635a31c37484291b1a4d7cf,1243559053,5cHWyiqtfb1mgLE2Kw8AEjBtKyUXJDj34nm76wpQ9mjP,ELe8irPCVuqFQ3fuebeHuJVDbjsSrSu9UPd5fYremkEa,,,,,,,,,,,,,,,,,,,,,,,,,,,,,,,,,STARWARS,,,,,,,,,,,,,,,,,,,,,,,,,,,,,,,,,STARWARS,,,,,,,,,,,,,,,,,,,,,,,,,,,,,,,,,ray_swap_sell,,,,,,,,,,,,,,,,,,,,,,,,,,,,,,,,,0,,,,,,,,,,,,,,,,,,,,,,,,,,,,,,,,,0,,,,,,,,,,,,,,,,,,,,,,,,,,,,,,,,,6635ad4737484291b1a4dc7a,,,,,,,,,,,,,,,,,,,,,,,,,,,,,,,,,0
6635ed1837484291b1a4f027,2053497751,4nEp8JJ9ECLb8g8e4ze6rhM3vGAEDpZJCCAuQnkvNYcz,DWpjexJGraGfYHZeHyZCDymw59rEA6qsuFT4bYB3urHi,462sTbrjMq5RmNVDpwFryQ7SK1ihDrrL2d5yhcygPc6c,73Czw86oGKqeVfnMJzxd5MWJXhcnAHxNH6gkjyaqg9bL,9mJttakyiZFF3sCXKSvi1AaQ9zSbrz8kNhqSB13b5Axi,BEsnQvkfeaQ3G8qbeN5FmUnsQUqXzXW5i83Hv3syoTTc,6KcZNMumpBHgTj36Y76socdzygDjDsPA87KZjjiGTSBW,HuRJw1FxaCxdMhwNjpJNaM7rrQ8rN3W7ssUP1qRwbKh6,9eGmjhMXxvdFdr7kgrUsRqHXktPXR2p8NUQyWytZx2ZP,3rJ8ZGQL2HhsfFkGngJMduUxyfQkK2ZHMavQyiKv6i8p,,,,,,,,,,,,,,,,,,,,,,,,,MemeWars ,Gentlemen's Club,EDGE,PEPCAT,Chengshi,ottir,PEEP,The Trenches,Kevin from Pixelmon,,,,,,,,,,,,,,,,,,,,,,,,,MEMEWARS,GENTLEMEN,EDGE,PEPCAT,Cheng,$ottir ,PEEP,TRENCH,Kevin,,,,,,,,,,,,,,,,,,,,,,,,,ray_swap_buy,ray_swap_buy,ray_swap_buy,ray_swap_buy,ray_swap_buy,ray_swap_buy,ray_swap_buy,ray_swap_buy,ray_swap_sell,,,,,,,,,,,,,,,,,,,,,,,,,50000000,70000000,300000000,50000000,200000000,50000000,50000000,80000000,0,,,,,,,,,,,,,,,,,,,,,,,,,72331274666,8802659810039,99048895974,9002364313706,54861077113,568129411799,34412951312,25160171432,0,,,,,,,,,,,,,,,,,,,,,,,,,66367c8837484291b1a51e13,66376f1f37484291b1a56429,66388e3c97223833b6ffea64,6639e3f197223833b60010e5,663a183b97223833b60016d7,663af0e697223833b6006a1b,663ddf8b97223833b600c87f,663f2bf297223833b601138e,66421d7d97223833b6015815,,,,,,,,,,,,,,,,,,,,,,,,,10
663632e037484291b1a502a9,6768082141,3yfxe6tDcMoLC7PBT476h78UwRftyAgupxCkMKtpSMbr,,,,,,,,,,,,,,,,,,,,,,,,,,,,,,,,,,,,,,,,,,,,,,,,,,,,,,,,,,,,,,,,,,,,,,,,,,,,,,,,,,,,,,,,,,,,,,,,,,,,,,,,,,,,,,,,,,,,,,,,,,,,,,,,,,,,,,,,,,,,,,,,,,,,,,,,,,,,,,,,,,,,,,,,,,,,,,,,,,,,,,,,,,,,,,,,,,,,,,,,,,,,,,,,,,,,,,,,,,,,,,,,,,,,,,,,0
663653e637484291b1a50ca0,1683050167,EhDTb4yCkJNm2s9asxs9m1hbxQvRKEMt6Tk9h43dQBgu,A9cAMKwYw2kxaFEaJT8hegiMrCcj6zUHzBArckiL6zbZ,7UiTAJhzDcqc5CvVAUWS6sUyeXcQWUXuh7zsbUrNzb8K,,,,,,,,,,,,,,,,,,,,,,,,,,,,,,,,MUSEUM OF INFLUENCERS,BIBI,,,,,,,,,,,,,,,,,,,,,,,,,,,,,,,,MOFI,BIBI,,,,,,,,,,,,,,,,,,,,,,,,,,,,,,,,ray_swap_buy,ray_swap_buy,,,,,,,,,,,,,,,,,,,,,,,,,,,,,,,,20000000,20000000,,,,,,,,,,,,,,,,,,,,,,,,,,,,,,,,1182064541,2383022707,,,,,,,,,,,,,,,,,,,,,,,,,,,,,,,,6636ea2637484291b1a54c59,6638250397223833b6ff8f8a,,,,,,,,,,,,,,,,,,,,,,,,,,,,,,,,5
66367b9537484291b1a51c36,5168621693,CeqHB27KFW4Fy4ZYJtPd6LoG24wLeBoHiPXv52FTdcVE,DWpjexJGraGfYHZeHyZCDymw59rEA6qsuFT4bYB3urHi,RPADrhAh25uduoVh4eC4A1nK3TwvwSuxve5vwryRYvp,4VC7UYqBo9Siw8ZnkPXfw9D3dzYCiVrPDzs9XRtyRJMH,462sTbrjMq5RmNVDpwFryQ7SK1ihDrrL2d5yhcygPc6c,,,,,,,,,,,,,,,,,,,,,,,,,,,,,,MemeWars ,RabbitPad,Insane Labz ,Gentlemen's Club,,,,,,,,,,,,,,,,,,,,,,,,,,,,,,MEMEWARS,RABBIT,Labz ,GENTLEMEN,,,,,,,,,,,,,,,,,,,,,,,,,,,,,,ray_swap_sell,ray_swap_sell,ray_swap_sell,ray_swap_buy,,,,,,,,,,,,,,,,,,,,,,,,,,,,,,0,0,0,3000000,,,,,,,,,,,,,,,,,,,,,,,,,,,,,,0,0,0,524455709624,,,,,,,,,,,,,,,,,,,,,,,,,,,,,,6636a12137484291b1a52d7c,6636b71f37484291b1a537d0,6636c04137484291b1a53c04,66377f4e37484291b1a568b8,,,,,,,,,,,,,,,,,,,,,,,,,,,,,,3
6637cfef37484291b1a57730,1168417141,7j3feyQC6fj6Ax1KZBba9kvnEHL7Y2g7Ha48TcZa5wFd,7GCihgDB8fe6KNjn2MYtkzZcRjQy3t9GHdC8uHYmW2hr,,,,,,,,,,,,,,,,,,,,,,,,,,,,,,,,,POPCAT,,,,,,,,,,,,,,,,,,,,,,,,,,,,,,,,,POPCAT,,,,,,,,,,,,,,,,,,,,,,,,,,,,,,,,,ray_swap_sell,,,,,,,,,,,,,,,,,,,,,,,,,,,,,,,,,0,,,,,,,,,,,,,,,,,,,,,,,,,,,,,,,,,0,,,,,,,,,,,,,,,,,,,,,,,,,,,,,,,,,6637d23437484291b1a578e4,,,,,,,,,,,,,,,,,,,,,,,,,,,,,,,,,0
6637d21037484291b1a578b3,6308348293,7AwrVJwetgdyHTbvkbyMQkBsF7LcEB7PZ5x3VoXJ6zqR,,,,,,,,,,,,,,,,,,,,,,,,,,,,,,,,,,,,,,,,,,,,,,,,,,,,,,,,,,,,,,,,,,,,,,,,,,,,,,,,,,,,,,,,,,,,,,,,,,,,,,,,,,,,,,,,,,,,,,,,,,,,,,,,,,,,,,,,,,,,,,,,,,,,,,,,,,,,,,,,,,,,,,,,,,,,,,,,,,,,,,,,,,,,,,,,,,,,,,,,,,,,,,,,,,,,,,,,,,,,,,,,,,,,,,,,11
663a365897223833b60021cb,5592776446,63k9DS4Ui83Y1G1Qict3gE4U8T37exVW5H8y7iYvEuUT,5Hm7grBV4du3Nhds5yZuTmynVo6fYRPfxUqaePwahDad,,,,,,,,,,,,,,,,,,,,,,,,,,,,,,,,,World Record Egg,,,,,,,,,,,,,,,,,,,,,,,,,,,,,,,,,EGGIE,,,,,,,,,,,,,,,,,,,,,,,,,,,,,,,,,ray_swap_sell,,,,,,,,,,,,,,,,,,,,,,,,,,,,,,,,,5903162,,,,,,,,,,,,,,,,,,,,,,,,,,,,,,,,,51705815625,,,,,,,,,,,,,,,,,,,,,,,,,,,,,,,,,663a585397223833b6002bd9,,,,,,,,,,,,,,,,,,,,,,,,,,,,,,,,,3
663b1f9397223833b6007a0e,769582991,29EdrggK2Wis1QtEhtL8XnWP58LnhVmpHKMbojwC9rDC,EDavhezsuNnhdoAKPExWaMtnuhq6FVqoBYnyFEJLLBqC,H4p7HkzpiMHWe4W5Ld37TWzEYpEw6AwsTELGU4eTacAs,tiLYBRtBSfhwXe82nfRAYd5EVaqfpV74WsH75we8pki,CLFR99t87xxRQtEtkWkrGj82BiJ2228h7JPgkLWiZ45o,2PaCt7G3L1Q2UoiSfRKDbREvM9RTticm4iEMXtJUoyPQ,3FmUD8fFdr6VpdmZeLAfqVgpYCYAeCz4h2o55UJ6AVqQ,EtLMuwpfGe41RdyC9LgtnbpPQpudTJTk3SFm2a4U2Pur,2DfEnQrC6EVnhA3wGXiQ8UoBtEEmStsW6oNT6izn6AeH,5BKTP1cWao5dhr8tkKcfPW9mWkKtuheMEAU6nih2jSX,8GayE57cjWNAemoVupBM8Wh4XJLtmVaht7rwzqHo1URs,Dm3Y8x5CrdxwKb97ZR32UsoXBTPEZeJv61HX9GM7N9JT,BcVPXfjqZQreoayACVA5sMxa6QapASUjPk3B93Ndadu,2TXx2gaqyDbCQCoUt4Ckk6m7eUdH2yJo7FpXutCBxZGD,FdqkvhQNzrj2iEWBTnKvLaegWWjCxNgVkXC5bJ7guPKF,GJgHsc1HU4ibmzW6oWQr8L2RRT95ATc1BoNuLkp94AwU,AwWi6XuyEeii4XPkkbL5GjMJRiLH1fAjCfTjDWTLaoxc,2Vso6uykz85GN9mXwcotHi4btBeLdiTKGPrrQtFM3HsE,2dEwnfrpkmZbKRySNDtMvd4hdzJtjiuW8iLLA6wiCSJs,2VYVwrwSNM8WxbFdPU4KQpZUB9FWCenFFoDqvpHQ7rZE,6CEtEhtVeN3EvxqxXv9sxri8EnpHq983dnsTmqHZf2eg,2vZQk2rhS4xVwmkH31BDi5nNFUico9siK7HNi2T67LQf,CyUgNnKPQLqFcheyGV8wmypnJqojA7NzsdJjTS4nUT2j,8wXtPeU6557ETkp9WHFY1n1EcU6NxDvbAggHGsMYiHsB,AkVt31h8vgji5wF4nVbq1QmBV5wBoe8JdSoDTkDhQwEw,,,,,,,,,,xiaojie,YAP,Tilly the Killer Whale,XODEX.io,Thug Cat,mango,SOLAICHAT   ,Calm Bear,DogWifNoHat,BOOK OF TRUMP,KATBAL,Richie the Gecko,BATMAN,Dino Dragon,White Boy Summer,SATOSHI PEPE,Pipi,doghafnohat,Jail Cat,Dog Wif Pixels,SUPERNIGGERCAT,kith gil,GameStop,Wall Street Bets,,,,,,,,,,XIAO,YAP,TILLY,XODEX,Thug,mango,SOLCA   ,CHILN,NoHat,BOMP,KATBAL ,RICH,BATMAN,DINO,WBS,SATOSHI,Pipi ,HAF,CUFF,DWP,SNC,gil,GME,WSB,,,,,,,,,,ray_swap_buy,ray_swap_buy,ray_swap_sell,ray_swap_buy,ray_swap_buy,ray_swap_buy,ray_swap_buy,ray_swap_sell,ray_swap_sell,ray_swap_buy,ray_swap_sell,ray_swap_buy,ray_swap_sell,ray_swap_sell,ray_swap_sell,ray_swap_buy,ray_swap_sell,ray_swap_sell,ray_swap_sell,ray_swap_sell,ray_swap_buy,ray_swap_sell,ray_swap_sell,ray_swap_buy,,,,,,,,,,42200000,22000000,56296208,35000000,26000000,24000000,25000000,0,0,53993321,0,15000000,0,0,0,15000000,0,3505605,0,0,15000000,0,0,15000000,,,,,,,,,,1003660289,10076464167,1230932181193,118480404,4381939692085,32975811222,1559736605307,0,0,5183255069946,0,0,0,0,0,229168891358,0,0,0,0,4769882839,0,0,125928260,,,,,,,,,,663b857897223833b6007f5e,663b2d9f97223833b6007b10,663e49da97223833b600d7c8,663b7ba197223833b6007eb8,663bc5bc97223833b6008405,663bf63197223833b60087af,663bf7b197223833b6008811,663d695397223833b600b288,663eb1f597223833b600f577,663e326c97223833b600d20b,663e8a0a97223833b600e613,663ea73e97223833b600f1b6,663eb85f97223833b600f76f,663ecf4997223833b600fb25,663ff9ae97223833b6013b3c,663ff1b497223833b60139ac,664092de97223833b6014641,664092c197223833b601460d,664138fd97223833b6014ebc,6641322397223833b6014e19,66413ab097223833b6014f01,66424cfe97223833b6016dba,6642f7b697223833b60197c8,6642f8da97223833b601980b,,,,,,,,,,30
663bed8497223833b6008740,1942904311,9HdAkwzzSUaEhTXBZmVrqjPtDeTED7waaYeLMDGmyFT9,44bzge9EZJGPJRYNmsA64mdKZ1eeLdDcDiczRmoyAtez,,,,,,,,,,,,,,,,,,,,,,,,,,,,,,,,,Lord Of Sol,,,,,,,,,,,,,,,,,,,,,,,,,,,,,,,,,LOS,,,,,,,,,,,,,,,,,,,,,,,,,,,,,,,,,ray_swap_buy,,,,,,,,,,,,,,,,,,,,,,,,,,,,,,,,,1700000000,,,,,,,,,,,,,,,,,,,,,,,,,,,,,,,,,238130605411,,,,,,,,,,,,,,,,,,,,,,,,,,,,,,,,,663fa9f897223833b6012b07,,,,,,,,,,,,,,,,,,,,,,,,,,,,,,,,,0
663c47f297223833b6008ee2,1243559053,FKYLZc1QmcEbXu8QugD55uAFLnNp4aPLD7p8PAnov4Us,2Dj6EHw6w4JU6ErdLK1eVXAw4iCxEgf9e1Yy9cBS8cka,,,,,,,,,,,,,,,,,,,,,,,,,,,,,,,,,Internet Tough Guy,,,,,,,,,,,,,,,,,,,,,,,,,,,,,,,,,TOUGH,,,,,,,,,,,,,,,,,,,,,,,,,,,,,,,,,ray_swap_sell,,,,,,,,,,,,,,,,,,,,,,,,,,,,,,,,,0,,,,,,,,,,,,,,,,,,,,,,,,,,,,,,,,,0,,,,,,,,,,,,,,,,,,,,,,,,,,,,,,,,,663c47f297223833b6008ee3,,,,,,,,,,,,,,,,,,,,,,,,,,,,,,,,,0
663cbd7897223833b600933d,1116752562,5tHYioVqDpgCaTLuugmFWmbpTZbetaLRYJtgH5sAEvME,HoivGc6yRXqWhwb4bP9gQmNYWNP9KpG1zKEb9zt7n1Rj,BgBWNphk7LTQE8smZfFUcsLxPM4NXpaFs3GDxj7ruWki,,,,,,,,,,,,,,,,,,,,,,,,,,,,,,,,Jinji,KEITHARDIO,,,,,,,,,,,,,,,,,,,,,,,,,,,,,,,,Jinji,keithardio,,,,,,,,,,,,,,,,,,,,,,,,,,,,,,,,ray_swap_buy,ray_swap_buy,,,,,,,,,,,,,,,,,,,,,,,,,,,,,,,,10000000,10000000,,,,,,,,,,,,,,,,,,,,,,,,,,,,,,,,4259069530,13271402162,,,,,,,,,,,,,,,,,,,,,,,,,,,,,,,,663ee59497223833b600fd96,66425ca597223833b6017029,,,,,,,,,,,,,,,,,,,,,,,,,,,,,,,,4
663d28a797223833b6009b8d,866199057,FyKSjnxdPWKw3GkXpS5o3RpN2DwN9cbyWgqxWfhDQ3YU,4hw1dhVQA1iveLfnVzGxRnWZKsuuBUv3XzjftGRuRmJf,,,,,,,,,,,,,,,,,,,,,,,,,,,,,,,,,cam,,,,,,,,,,,,,,,,,,,,,,,,,,,,,,,,,cam,,,,,,,,,,,,,,,,,,,,,,,,,,,,,,,,,ray_swap_sell,,,,,,,,,,,,,,,,,,,,,,,,,,,,,,,,,0,,,,,,,,,,,,,,,,,,,,,,,,,,,,,,,,,0,,,,,,,,,,,,,,,,,,,,,,,,,,,,,,,,,663d52f097223833b600a73f,,,,,,,,,,,,,,,,,,,,,,,,,,,,,,,,,0
663df18697223833b600c9cf,1498902793,DCZ21RCeR5bNGSqpPMTzu2Ff6baoMm1XvGmhVwVw5N5m,yJDxAwuL9Y8U7JEVo4WTvujgcx39cJGXfcR2aTz8c1n,4xrMNQc1UFPZTZRiMzSkrsYcX7G7GbBWMDAyqMmqqFem,9eGmjhMXxvdFdr7kgrUsRqHXktPXR2p8NUQyWytZx2ZP,,,,,,,,,,,,,,,,,,,,,,,,,,,,,,,Kona,Tiger,The Trenches,,,,,,,,,,,,,,,,,,,,,,,,,,,,,,,Kona,Tiger,TRENCH,,,,,,,,,,,,,,,,,,,,,,,,,,,,,,,ray_swap_sell,ray_swap_sell,ray_swap_sell,,,,,,,,,,,,,,,,,,,,,,,,,,,,,,,0,0,0,,,,,,,,,,,,,,,,,,,,,,,,,,,,,,,0,0,0,,,,,,,,,,,,,,,,,,,,,,,,,,,,,,,663df1ec97223833b600c9da,663fdceb97223833b60136fb,663f142597223833b60110c7,,,,,,,,,,,,,,,,,,,,,,,,,,,,,,,2
663e26e497223833b600d14b,5074500736,2TCW2Tr7WphNbsixKk5kwuTC771peK4sJp9VHmLko5av,5BKTP1cWao5dhr8tkKcfPW9mWkKtuheMEAU6nih2jSX,8GayE57cjWNAemoVupBM8Wh4XJLtmVaht7rwzqHo1URs,7cmZwnEpxNmGsgZTGgPVDFuMr8ws54DBLcLzzNBFjAyL,13xAdMdXFBCNoGSacASSwTTwjMDS9bS8kXFf3kpe6Lo1,,,,,,,,,,,,,,,,,,,,,,,,,,,,,,DogWifNoHat,BOOK OF TRUMP,wichi,GameStop's Dog,,,,,,,,,,,,,,,,,,,,,,,,,,,,,,NoHat,BOMP,wichi,VLAD,,,,,,,,,,,,,,,,,,,,,,,,,,,,,,ray_swap_sell,ray_swap_sell,ray_swap_sell,ray_swap_buy,,,,,,,,,,,,,,,,,,,,,,,,,,,,,,0,0,0,150000000,,,,,,,,,,,,,,,,,,,,,,,,,,,,,,0,0,0,24341610864,,,,,,,,,,,,,,,,,,,,,,,,,,,,,,663eaa7e97223833b600f440,663eff0497223833b601038c,6640c4f697223833b60147cc,664296cf97223833b6017de7,,,,,,,,,,,,,,,,,,,,,,,,,,,,,,3
663f8b1297223833b60127cb,5386167065,4Wi1u5AhPkWYVbHCdfzwemKbt1YYC4anhwVfkwjJF929,2omFSjgqseqv1YA96muNHdeK9k4foAvLnL2KpwrY8PBG,,,,,,,,,,,,,,,,,,,,,,,,,,,,,,,,,Bingo The Cat,,,,,,,,,,,,,,,,,,,,,,,,,,,,,,,,,BINGO,,,,,,,,,,,,,,,,,,,,,,,,,,,,,,,,,ray_swap_sell,,,,,,,,,,,,,,,,,,,,,,,,,,,,,,,,,0,,,,,,,,,,,,,,,,,,,,,,,,,,,,,,,,,0,,,,,,,,,,,,,,,,,,,,,,,,,,,,,,,,,6642e2be97223833b601824c,,,,,,,,,,,,,,,,,,,,,,,,,,,,,,,,,5
663fba4e97223833b6012f0e,6927392029,2iq72VBzgWv3kyVzA4HYC3y6C1KexZfRnegUG6nCPhKP,2dEwnfrpkmZbKRySNDtMvd4hdzJtjiuW8iLLA6wiCSJs,,,,,,,,,,,,,,,,,,,,,,,,,,,,,,,,,doghafnohat,,,,,,,,,,,,,,,,,,,,,,,,,,,,,,,,,HAF,,,,,,,,,,,,,,,,,,,,,,,,,,,,,,,,,ray_swap_buy,,,,,,,,,,,,,,,,,,,,,,,,,,,,,,,,,10000000,,,,,,,,,,,,,,,,,,,,,,,,,,,,,,,,,905073447,,,,,,,,,,,,,,,,,,,,,,,,,,,,,,,,,6640930897223833b6014647,,,,,,,,,,,,,,,,,,,,,,,,,,,,,,,,,2
6640a30897223833b60146b3,5060804025,ETDSqh2mRQzwvNopPJKHKn75bC72KbVd2jp4qnmTSeHs,CmisV68HaxXThemLfwMWPadtN362raaGggXMFRm78hnP,KoU4McsWru5FjNcYDYxi1mbaTGyfqpptfwUMoRQTvwx,,,,,,,,,,,,,,,,,,,,,,,,,,,,,,,,Mom Love Pepe,Jake The Dog,,,,,,,,,,,,,,,,,,,,,,,,,,,,,,,,Love,JAKE,,,,,,,,,,,,,,,,,,,,,,,,,,,,,,,,ray_swap_sell,ray_swap_sell,,,,,,,,,,,,,,,,,,,,,,,,,,,,,,,,0,4999893,,,,,,,,,,,,,,,,,,,,,,,,,,,,,,,,0,1,,,,,,,,,,,,,,,,,,,,,,,,,,,,,,,,6640ab1797223833b6014721,6640af3897223833b6014770,,,,,,,,,,,,,,,,,,,,,,,,,,,,,,,,1
66413e7097223833b6014f31,6318705727,BfoJ7CQGhdiobRgxSDFhqNYi4sWXFva7RoV5TECifveA,,,,,,,,,,,,,,,,,,,,,,,,,,,,,,,,,,,,,,,,,,,,,,,,,,,,,,,,,,,,,,,,,,,,,,,,,,,,,,,,,,,,,,,,,,,,,,,,,,,,,,,,,,,,,,,,,,,,,,,,,,,,,,,,,,,,,,,,,,,,,,,,,,,,,,,,,,,,,,,,,,,,,,,,,,,,,,,,,,,,,,,,,,,,,,,,,,,,,,,,,,,,,,,,,,,,,,,,,,,,,,,,,,,,,,,,0
664152b697223833b601504f,2083669232,7QBppSaErNc6K8zKoBchiQnJRpGJagjgJCEYdLZhTDF,Bz1mi59mGuAMGgvgvBraZLJ77oZ2bdAVL6KwTASASxWn,13xAdMdXFBCNoGSacASSwTTwjMDS9bS8kXFf3kpe6Lo1,,,,,,,,,,,,,,,,,,,,,,,,,,,,,,,,pixel tremp,GameStop's Dog,,,,,,,,,,,,,,,,,,,,,,,,,,,,,,,,ptremp,VLAD,,,,,,,,,,,,,,,,,,,,,,,,,,,,,,,,ray_swap_buy,ray_swap_buy,,,,,,,,,,,,,,,,,,,,,,,,,,,,,,,,100000000,100000000,,,,,,,,,,,,,,,,,,,,,,,,,,,,,,,,100947282230,40239998480,,,,,,,,,,,,,,,,,,,,,,,,,,,,,,,,664152b697223833b6015050,6642828097223833b60178b1,,,,,,,,,,,,,,,,,,,,,,,,,,,,,,,,1
6641d38697223833b60151b3,157862132,AEKtCmbiKUQVLo9gP2dfEETJUcdhqtmGAUsnkdE15QUn,HPywjr3AchS3Z7JGJRJ4oqxhpDAw7CgmUffCXsZHbq9G,,,,,,,,,,,,,,,,,,,,,,,,,,,,,,,,,BiBi,,,,,,,,,,,,,,,,,,,,,,,,,,,,,,,,,BiBi,,,,,,,,,,,,,,,,,,,,,,,,,,,,,,,,,ray_swap_buy,,,,,,,,,,,,,,,,,,,,,,,,,,,,,,,,,30000000,,,,,,,,,,,,,,,,,,,,,,,,,,,,,,,,,3122582117445,,,,,,,,,,,,,,,,,,,,,,,,,,,,,,,,,6641d38697223833b60151b4,,,,,,,,,,,,,,,,,,,,,,,,,,,,,,,,,0
6642377497223833b6015fa1,7073034384,C66m5rjGUE2zK17p6Q39nkUbbGFmBWWraSHb7T5mCVfG,8zXFMfnRNc7arKabxBB2YeMTuded7CvyTXdgrXiAf3pP,,,,,,,,,,,,,,,,,,,,,,,,,,,,,,,,,QUANT,,,,,,,,,,,,,,,,,,,,,,,,,,,,,,,,,QUANT,,,,,,,,,,,,,,,,,,,,,,,,,,,,,,,,,ray_swap_buy,,,,,,,,,,,,,,,,,,,,,,,,,,,,,,,,,100000000,,,,,,,,,,,,,,,,,,,,,,,,,,,,,,,,,0,,,,,,,,,,,,,,,,,,,,,,,,,,,,,,,,,6642377497223833b6015fa2,,,,,,,,,,,,,,,,,,,,,,,,,,,,,,,,,0
66424a6097223833b6016cfa,5233075998,ZTXG6w6wuWExJAu5RdmAn2N7Wg5Qo9UHPv9X96Furgv,4hw1dhVQA1iveLfnVzGxRnWZKsuuBUv3XzjftGRuRmJf,BJiV6jkxyreEfBazADER8y5W6fDHDCdcDxdTdLAst89c,,,,,,,,,,,,,,,,,,,,,,,,,,,,,,,,cam,Beng,,,,,,,,,,,,,,,,,,,,,,,,,,,,,,,,cam,BENG,,,,,,,,,,,,,,,,,,,,,,,,,,,,,,,,ray_swap_buy,ray_swap_sell,,,,,,,,,,,,,,,,,,,,,,,,,,,,,,,,20000000,0,,,,,,,,,,,,,,,,,,,,,,,,,,,,,,,,423758909199943,0,,,,,,,,,,,,,,,,,,,,,,,,,,,,,,,,66424a6097223833b6016cfb,6643167397223833b60198c9,,,,,,,,,,,,,,,,,,,,,,,,,,,,,,,,2
